payment_itemid,payment_name,payment_cate,payment_act
gold_13,9.99-武将礼包,武将,每日礼包
gold_20028,限购礼包11800日元符文箱,神器,限购礼包
gold_25270,登录触发0.99美元紫色装备礼包,装备,开运礼包
gold_25271,登录触发0.99美元紫色国宝礼包,国宝,开运礼包
gold_26002,小额充值礼包650日元,金币,每日礼包
gold_26003,小额充值礼包2400日元,金币,每日礼包
gold_325,行脚商人-自选礼包3,行脚商人,行脚商人
gold_326,行脚商人-自选礼包4,行脚商人,行脚商人
gold 25268,登录触发42.99美元UR5礼包-直虎,武将,开运礼包
gold 25269,登录触发99.99美元UR5礼包-直虎,武将,开运礼包
gold_10,19.99-尊贵月卡,月卡,月卡
gold_101,SSR武将礼包1,武将,幸运屋
gold_10101,120日元-银币,银币,随机礼包
gold_10102,120日元-玉刚,玉刚,随机礼包
gold_10103,120日元-计策锦囊,计策,随机礼包
gold_10104,120日元-招兵买马,计策,随机礼包
gold_10105,120日元-财源滚滚,计策,随机礼包
gold_10106,120日元-五谷丰登,计策,随机礼包
gold_10107,120日元-行军加速,计策,随机礼包
gold_10108,120日元-能工巧匠,计策,随机礼包
gold_10109,120日元-鲁班再说,,随机礼包
gold_10110,120日元-招募令,,随机礼包
gold_10111,120日元-稀有经验书,武将,随机礼包
gold_10112,120日元-绿色家宝,武将,随机礼包
gold_10113,120日元-蓝色家宝,武将,随机礼包
gold_10114,120日元-绿经验国宝,,随机礼包
gold_10115,120日元-铭刻道具,装备,随机礼包
gold_10116,120日元-初级升阶道具,装备,随机礼包
gold_10117,120日元-研习紫色道具,,随机礼包
gold_10118,120日元-研习橙色道具,武将,随机礼包
gold_10119,120日元-研习金色道具,武将,随机礼包
gold_10120,120日元-战旗经验书-白,战旗,随机礼包
gold_10121,120日元-阵法卷轴,,随机礼包
gold_102,SSR武将礼包2,武将,幸运屋
gold_10201,360日元-银币,银币,随机礼包
gold_10202,360日元-玉钢,玉刚,随机礼包
gold_10203,360日元-鉴宝令,,随机礼包
gold_10204,1200日元-稀有经验书,武将,随机礼包
gold_10205,360日元-计策锦囊,计策,随机礼包
gold_10206,360日元-招兵买马,计策,随机礼包
gold_10207,360日元-财源滚滚,计策,随机礼包
gold_10208,360日元-五谷丰登,计策,随机礼包
gold_10209,360日元-行军加速,计策,随机礼包
gold_10210,360日元-能工巧匠,计策,随机礼包
gold_10211,360日元-鲁班再世,计策,随机礼包
gold_10212,360日元-招募令,武将,随机礼包
gold_10213,360日元-稀有经验书,武将,随机礼包
gold_10214,360日元-史诗经验书,武将,随机礼包
gold_10215,360日元-蓝色装备(随机),,随机礼包
gold_10216,360日元-绿色家宝,,随机礼包
gold_10217,360日元-蓝色家宝,武将,随机礼包
gold_10218,360日元-紫色家宝,,随机礼包
gold_10219,360日元-绿经验国宝,国宝,随机礼包
gold_10220,360日元-国宝升星道具,国宝,随机礼包
gold_10221,360日元-铭刻道具,装备,随机礼包
gold_10222,360日元-初级升阶道具,装备,随机礼包
gold_10223,360日元-家督印（战旗征集道具）,战旗,随机礼包
gold_10224,360日元-研习紫色道具,武将,随机礼包
gold_10225,360日元-研习橙色道具,武将,随机礼包
gold_10226,360日元-研习金色道具,武将,随机礼包
gold_10227,360日元-战旗经验书-白,战旗,随机礼包
gold_10228,360日元-神威御礼,神威,随机礼包
gold_10229,360日元-阵法招募道具,阵法,随机礼包
gold_10230,360日元-阵法卷轴,阵法,随机礼包
gold_103,SSR武将礼包3,武将,幸运屋
gold_10301,600日元-银币,银币,随机礼包
gold_10302,600日元-玉钢,,随机礼包
gold_10303,600日元-高级招募令,武将,随机礼包
gold_10304,600日元-鉴宝令,,随机礼包
gold_10305,600日元-天赋点,武将,随机礼包
gold_10306,600日元-计策锦囊,,随机礼包
gold_10307,600日元-招兵买马,计策,随机礼包
gold_10308,600日元-财源滚滚,计策,随机礼包
gold_10309,600日元-五谷丰登,计策,随机礼包
gold_10310,600日元-行军加速,计策,随机礼包
gold_10311,600日元-能工巧匠,计策,随机礼包
gold_10312,600日元-鲁班再世,,随机礼包
gold_10313,600日元-招募令,,随机礼包
gold_10314,600日元-武将碎片包,武将,随机礼包
gold_10315,600日元-稀有经验书,武将,随机礼包
gold_10316,600日元-史诗经验书,武将,随机礼包
gold_10317,600日元-传说经验书,武将,随机礼包
gold_10318,600日元-蓝色装备(随机),装备,随机礼包
gold_10319,600日元-紫色装备(随机),,随机礼包
gold_10320,600日元-绿色家宝,,随机礼包
gold_10321,600日元-蓝色家宝,武将,随机礼包
gold_10322,600日元-紫色家宝,,随机礼包
gold_10323,600日元-橙色家宝,武将,随机礼包
gold_10324,600日元-蓝色装备(任选),装备,随机礼包
gold_10325,600日元-SSR碎片(任选),武将,随机礼包
gold_10326,3100日元-招兵买马,计策,随机礼包
gold_10327,600日元-国宝招募令,国宝,随机礼包
gold_10328,600日元-国宝升星道具,国宝,随机礼包
gold_10329,600日元-铭刻道具,装备,随机礼包
gold_10330,600日元-初级升阶道具,装备,随机礼包
gold_10331,600日元-家督印（战旗征集道具）,战旗,随机礼包
gold_10332,600日元-研习紫色道具,武将,随机礼包
gold_10333,600日元-研习橙色道具,,随机礼包
gold_10334,600日元-研习金色道具,武将,随机礼包
gold_10335,600日元-战旗经验书-白,战旗,随机礼包
gold_10336,600日元-神威御礼,神威,随机礼包
gold_10337,600日元-阵法招募道具,阵法,随机礼包
gold_10338,600日元-阵法卷轴,阵法,随机礼包
gold_104,SSR+武将礼包1,武将,幸运屋
gold_10401,1200日元-银币,银币,随机礼包
gold_10402,1200日元-玉钢,玉刚,随机礼包
gold_10403,1200日元-高级招募令,武将,随机礼包
gold_10404,1200日元-鉴宝令,装备,随机礼包
gold_10405,1200日元-天赋点,,随机礼包
gold_10406,1200日元-计策锦囊,计策,随机礼包
gold_10407,1200日元-招兵买马,计策,随机礼包
gold_10408,1200日元-财源滚滚,计策,随机礼包
gold_10409,1200日元-五谷丰登,计策,随机礼包
gold_10410,1200日元-行军加速,计策,随机礼包
gold_10411,1200日元-能工巧匠,计策,随机礼包
gold_10412,1200日元-鲁班再世,计策,随机礼包
gold_10413,1200日元-招募令,武将,随机礼包
gold_10414,1200日元-武将碎片包,,随机礼包
gold_10415,1200日元-稀有经验书,,随机礼包
gold_10416,1200日元-史诗经验书,武将,随机礼包
gold_10417,1200日元-传说经验书,武将,随机礼包
gold_10418,1200日元-蓝色装备(随机),,随机礼包
gold_10419,1200日元-紫色装备(随机),,随机礼包
gold_10420,1200日元-橙色装备(随机),装备,随机礼包
gold_10421,1200日元-绿色家宝,,随机礼包
gold_10422,1200日元-蓝色家宝,武将,随机礼包
gold_10423,1200日元-紫色家宝,,随机礼包
gold_10424,1200日元-橙色家宝,武将,随机礼包
gold_10425,1200日元-蓝色装备(任选),,随机礼包
gold_10426,1200日元-SSR碎片(任选),武将,随机礼包
gold_10427,1200日元-绿经验国宝,武将,随机礼包
gold_10428,1200日元-国宝招募令,国宝,随机礼包
gold_10429,1200日元-国宝升星道具,国宝,随机礼包
gold_10430,1200日元-铭刻道具,装备,随机礼包
gold_10431,1200日元-初级升阶道具,装备,随机礼包
gold_10432,1200日元-家督印（战旗征集道具）,战旗,随机礼包
gold_10433,1200日元-研习紫色道具,武将,随机礼包
gold_10434,1200日元-研习橙色道具,武将,随机礼包
gold_10435,1200日元-研习金色道具,,随机礼包
gold_10436,1200日元-战旗经验书-白,战旗,随机礼包
gold_10437,1200日元-神威御礼,神威,随机礼包
gold_10438,1200日元-阵法招募道具,阵法,随机礼包
gold_10439,1200日元-阵法卷轴,阵法,随机礼包
gold_105,SSR+武将礼包2,武将,幸运屋
gold_10501,1800日元-银币,银币,随机礼包
gold_10502,1800日元-玉钢,,随机礼包
gold_10503,6000日元-招兵买马,计策,随机礼包
gold_10504,1800日元-鉴宝令,装备,随机礼包
gold_10505,1800日元-天赋点,,随机礼包
gold_10506,1800日元-计策锦囊,计策,随机礼包
gold_10507,1800日元-招兵买马,计策,随机礼包
gold_10508,1800日元-财源滚滚,计策,随机礼包
gold_10509,1800日元-五谷丰登,计策,随机礼包
gold_10510,1800日元-行军加速,计策,随机礼包
gold_10511,1800日元-能工巧匠,计策,随机礼包
gold_10512,1800日元-鲁班再世,计策,随机礼包
gold_10513,1800日元-招募令,武将,随机礼包
gold_10514,1800日元-武将碎片包,武将,随机礼包
gold_10515,1800日元-稀有经验书,武将,随机礼包
gold_10516,1800日元-史诗经验书,武将,随机礼包
gold_10517,1800日元-传说经验书,武将,随机礼包
gold_10518,1800日元-蓝色装备(随机),,随机礼包
gold_10519,1800日元-紫色装备(随机),装备,随机礼包
gold_10520,1800日元-绿色家宝,武将,随机礼包
gold_10521,1800日元-蓝色家宝,武将,随机礼包
gold_10522,1800日元-紫色家宝,武将,随机礼包
gold_10523,1800日元-橙色家宝,武将,随机礼包
gold_10524,1800日元-蓝色装备(任选),,随机礼包
gold_10525,1800日元-紫色装备(任选),装备,随机礼包
gold_10526,1800日元-橙色装备(任选),装备,随机礼包
gold_10527,1800日元-SSR碎片(任选),武将,随机礼包
gold_10528,1800日元-SSR+碎片(任选),武将,随机礼包
gold_10529,1800日元-绿经验国宝,国宝,随机礼包
gold_10530,1800日元-国宝招募令,国宝,随机礼包
gold_10531,1800日元-国宝升星道具,国宝,随机礼包
gold_10532,1800日元-铭刻道具,装备,随机礼包
gold_10533,1800日元-初级升阶道具,装备,随机礼包
gold_10534,1800日元-家督印（战旗征集道具）,战旗,随机礼包
gold_10535,1800日元-研习紫色道具,武将,随机礼包
gold_10536,1800日元-研习橙色道具,武将,随机礼包
gold_10537,1800日元-研习金色道具,武将,随机礼包
gold_10538,1800日元-战旗经验书-白,武将,随机礼包
gold_10539,1800日元-神威御礼,神威,随机礼包
gold_10540,1800日元-阵法招募道具,阵法,随机礼包
gold_10541,1800日元-阵法卷轴,阵法,随机礼包
gold_106,SSR+武将礼包3,武将,幸运屋
gold_10601,2400日元-银币,,随机礼包
gold_10602,2400日元-玉钢,,随机礼包
gold_10603,2400日元-高级招募令,武将,随机礼包
gold_10604,2400日元-鉴宝令,,随机礼包
gold_10605,2400日元-天赋点,武将,随机礼包
gold_10606,2400日元-计策锦囊,,随机礼包
gold_10607,2400日元-招兵买马,计策,随机礼包
gold_10608,2400日元-财源滚滚,计策,随机礼包
gold_10609,2400日元-五谷丰登,计策,随机礼包
gold_10610,2400日元-行军加速,计策,随机礼包
gold_10611,2400日元-能工巧匠,计策,随机礼包
gold_10612,2400日元-鲁班再世,计策,随机礼包
gold_10613,2400日元-招募令,,随机礼包
gold_10614,2400日元-武将碎片包,武将,随机礼包
gold_10615,2400日元-稀有经验书,武将,随机礼包
gold_10616,2400日元-史诗经验书,武将,随机礼包
gold_10617,2400日元-传说经验书,武将,随机礼包
gold_10618,2400日元-蓝色装备(随机),装备,随机礼包
gold_10619,2400日元-紫色装备(随机),装备,随机礼包
gold_10620,2400日元-橙色装备(随机),装备,随机礼包
gold_10621,2400日元-绿色家宝,武将,随机礼包
gold_10622,2400日元-蓝色家宝,武将,随机礼包
gold_10623,2400日元-紫色家宝,武将,随机礼包
gold_10624,2400日元-橙色家宝,武将,随机礼包
gold_10625,2400日元-蓝色装备(任选),装备,随机礼包
gold_10626,2400日元-紫色装备(任选),装备,随机礼包
gold_10627,2400日元-SSR碎片(任选),武将,随机礼包
gold_10628,2400日元-SSR+碎片(任选),武将,随机礼包
gold_10629,2400日元-织田信长UR碎片,武将,随机礼包
gold_10630,2400日元-伊达政宗UR碎片,武将,随机礼包
gold_10631,2400日元-真田信村UR碎片,武将,随机礼包
gold_10632,2400日元-本多忠胜UR碎片,武将,随机礼包
gold_10633,2400日元-上杉谦信UR碎片,武将,随机礼包
gold_10634,2400日元-蓝经验国宝,国宝,随机礼包
gold_10635,2400日元-国宝招募令,国宝,随机礼包
gold_10636,2400日元-国宝升星道具,国宝,随机礼包
gold_10637,2400日元-铭刻道具,装备,随机礼包
gold_10638,2400日元-初级升阶道具,装备,随机礼包
gold_10639,2400日元-家督印（战旗征集道具）,战旗,随机礼包
gold_10640,2400日元-研习紫色道具,武将,随机礼包
gold_10641,2400日元-研习橙色道具,武将,随机礼包
gold_10642,2400日元-研习金色道具,武将,随机礼包
gold_10643,7800日元-战旗经验书-紫,战旗,随机礼包
gold_10644,2400日元-神威御礼,神威,随机礼包
gold_10645,2400日元-阵法招募道具,阵法,随机礼包
gold_10646,2400日元-阵法卷轴,阵法,随机礼包
gold_10647,2400日元-阿市UR(碎片),武将,随机礼包
gold_10648,2400日元-新-织田信长UR(碎片),武将,随机礼包
gold_10649,2400日元-伊达政宗(碎片),武将,随机礼包
gold_10650,2400日元-立花訚千代(碎片),,随机礼包
gold_107,UR武将礼包1,武将,幸运屋
gold_10701,3100日元-银币,银币,随机礼包
gold_10702,3100日元-玉钢,玉刚,随机礼包
gold_10703,3100日元-高级招募令,武将,随机礼包
gold_10704,3100日元-鉴宝令,,随机礼包
gold_10705,3100日元-天赋点,,随机礼包
gold_10706,3100日元-计策锦囊,,随机礼包
gold_10707,3100日元-招兵买马,计策,随机礼包
gold_10708,3100日元-财源滚滚,计策,随机礼包
gold_10709,3100日元-五谷丰登,计策,随机礼包
gold_10710,3100日元-行军加速,计策,随机礼包
gold_10711,3100日元-能工巧匠,计策,随机礼包
gold_10712,3100日元-鲁班再世,,随机礼包
gold_10713,3100日元-招募令,武将,随机礼包
gold_10714,3100日元-武将碎片包,武将,随机礼包
gold_10715,3100日元-稀有经验书,武将,随机礼包
gold_10716,3100日元-史诗经验书,武将,随机礼包
gold_10717,3100日元-传说经验书,武将,随机礼包
gold_10718,3100日元-蓝色装备(随机),,随机礼包
gold_10719,3100日元-紫色装备(随机),,随机礼包
gold_10720,3100日元-绿色家宝,,随机礼包
gold_10721,3100日元-蓝色家宝,武将,随机礼包
gold_10722,3100日元-紫色家宝,武将,随机礼包
gold_10723,3100日元-橙色家宝,武将,随机礼包
gold_10724,3100日元-蓝色装备(任选),装备,随机礼包
gold_10725,3100日元-紫色装备(任选),,随机礼包
gold_10726,3100日元-橙色装备(任选),装备,随机礼包
gold_10727,3100日元-SSR碎片(任选),武将,随机礼包
gold_10728,3100日元-SSR+碎片(任选),武将,随机礼包
gold_10729,3100日元-蓝经验国宝,国宝,随机礼包
gold_10730,3100日元-国宝招募令,国宝,随机礼包
gold_10731,3100日元-国宝升星道具,国宝,随机礼包
gold_10732,3100日元-金色国宝自选包,国宝,随机礼包
gold_10733,3100日元-铭刻道具,装备,随机礼包
gold_10734,3100日元-初级升阶道具,装备,随机礼包
gold_10735,3100日元-家督印（战旗征集道具）,战旗,随机礼包
gold_10736,3100日元-研习紫色道具,武将,随机礼包
gold_10737,3100日元-研习橙色道具,武将,随机礼包
gold_10738,3100日元-研习金色道具,武将,随机礼包
gold_10739,9800日元-国宝升星道具,国宝,随机礼包
gold_10740,3100日元-神威御礼,神威,随机礼包
gold_10741,3100日元-阵法招募道具,阵法,随机礼包
gold_10742,3100日元-阵法卷轴,阵法,随机礼包
gold_108,UR武将礼包2,武将,幸运屋
gold_10801,3800日元-银币,银币,随机礼包
gold_10802,3800日元-玉钢,玉刚,随机礼包
gold_10803,10800日元-战旗经验书-橙,战旗,随机礼包
gold_10804,3800日元-鉴宝令,装备,随机礼包
gold_10805,3800日元-天赋点,武将,随机礼包
gold_10806,3800日元-计策锦囊,计策,随机礼包
gold_10807,3800日元-招兵买马,计策,随机礼包
gold_10808,3800日元-财源滚滚,计策,随机礼包
gold_10809,3800日元-五谷丰登,计策,随机礼包
gold_10810,3800日元-行军加速,计策,随机礼包
gold_10811,3800日元-能工巧匠,计策,随机礼包
gold_10812,3800日元-鲁班再世,,随机礼包
gold_10813,3800日元-招募令,,随机礼包
gold_10814,3800日元-武将碎片包,武将,随机礼包
gold_10815,3800日元-稀有经验书,武将,随机礼包
gold_10816,3800日元-史诗经验书,武将,随机礼包
gold_10817,3800日元-传说经验书,武将,随机礼包
gold_10818,3800日元-蓝色装备(随机),,随机礼包
gold_10819,3800日元-紫色装备(随机),装备,随机礼包
gold_10820,3800日元-橙色装备(随机),装备,随机礼包
gold_10821,11800日元-五谷丰登,计策,随机礼包
gold_10822,3800日元-蓝色家宝,武将,随机礼包
gold_10823,3800日元-紫色家宝,武将,随机礼包
gold_10824,3800日元-橙色家宝,,随机礼包
gold_10825,3800日元-蓝色装备(任选),,随机礼包
gold_10826,3800日元-紫色装备(任选),,随机礼包
gold_10827,3800日元-SSR碎片(任选),武将,随机礼包
gold_10828,3800日元-SSR+碎片(任选),武将,随机礼包
gold_10829,3800日元-蓝经验国宝,国宝,随机礼包
gold_10830,3800日元-国宝招募令,国宝,随机礼包
gold_10831,3800日元-国宝升星道具,国宝,随机礼包
gold_10832,3800日元-金色国宝自选包,国宝,随机礼包
gold_10833,3800日元-铭刻道具,装备,随机礼包
gold_10834,3800日元-初级升阶道具,装备,随机礼包
gold_10835,3800日元-家督印（战旗征集道具）,战旗,随机礼包
gold_10836,3800日元-研习紫色道具,武将,随机礼包
gold_10837,3800日元-研习橙色道具,武将,随机礼包
gold_10838,3800日元-研习金色道具,武将,随机礼包
gold_10839,11800日元-橙色装备(任选),装备,随机礼包
gold_10840,3800日元-神威御礼,神威,随机礼包
gold_10841,3800日元-阵法招募道具,阵法,随机礼包
gold_10842,3800日元-阵法卷轴,阵法,随机礼包
gold_109,UR武将礼包3,武将,幸运屋
gold_10901,4500日元-银币,银币,随机礼包
gold_10902,4500日元-玉钢,玉刚,随机礼包
gold_10903,4500日元-高级招募令,,随机礼包
gold_10904,4500日元-鉴宝令,装备,随机礼包
gold_10905,4500日元-天赋点,武将,随机礼包
gold_10906,4500日元-计策锦囊,,随机礼包
gold_10907,4500日元-招兵买马,计策,随机礼包
gold_10908,4500日元-财源滚滚,,随机礼包
gold_10909,4500日元-五谷丰登,计策,随机礼包
gold_10910,4500日元-行军加速,计策,随机礼包
gold_10911,4500日元-能工巧匠,计策,随机礼包
gold_10912,4500日元-鲁班再世,,随机礼包
gold_10913,4500日元-招募令,,随机礼包
gold_10914,4500日元-武将碎片包,,随机礼包
gold_10915,4500日元-稀有经验书,武将,随机礼包
gold_10916,4500日元-史诗经验书,武将,随机礼包
gold_10917,4500日元-传说经验书,武将,随机礼包
gold_10918,4500日元-蓝色装备(随机),,随机礼包
gold_10919,4500日元-紫色装备(随机),装备,随机礼包
gold_10920,4500日元-绿色家宝,武将,随机礼包
gold_10921,4500日元-蓝色家宝,武将,随机礼包
gold_10922,4500日元-紫色家宝,,随机礼包
gold_10923,4500日元-橙色家宝,,随机礼包
gold_10924,4500日元-蓝色装备(任选),,随机礼包
gold_10925,4500日元-紫色装备(任选),装备,随机礼包
gold_10926,4500日元-橙色装备(任选),装备,随机礼包
gold_10927,4500日元-SSR碎片(任选),武将,随机礼包
gold_10928,4500日元-SSR+碎片(任选),武将,随机礼包
gold_10929,4500日元-织田信长UR碎片,武将,随机礼包
gold_10930,4500日元-伊达政宗UR碎片,武将,随机礼包
gold_10931,4500日元-真田信村UR碎片,武将,随机礼包
gold_10932,4500日元-本多忠胜UR碎片,武将,随机礼包
gold_10933,4500日元-上杉谦信UR碎片,武将,随机礼包
gold_10934,4500日元-蓝经验国宝,国宝,随机礼包
gold_10935,4500日元-国宝招募令,国宝,随机礼包
gold_10936,4500日元-国宝升星道具,国宝,随机礼包
gold_10937,4500日元-金色国宝自选包,国宝,随机礼包
gold_10938,4500日元-铭刻道具,装备,随机礼包
gold_10939,4500日元-初级升阶道具,装备,随机礼包
gold_10940,4500日元-家督印（战旗征集道具）,战旗,随机礼包
gold_10941,4500日元-研习紫色道具,武将,随机礼包
gold_10942,4500日元-研习橙色道具,武将,随机礼包
gold_10943,4500日元-研习金色道具,武将,随机礼包
gold_10944,4500日元-战旗经验书-绿,,随机礼包
gold_10945,4500日元-神威御礼,神威,随机礼包
gold_10946,4500日元-阵法招募道具,阵法,随机礼包
gold_10947,4500日元-阵法卷轴,阵法,随机礼包
gold_10948,4500日元-阿市UR(碎片),武将,随机礼包
gold_10949,4500日元-新-织田信长UR(碎片),武将,随机礼包
gold_10950,4500日元-伊达政宗(碎片),武将,随机礼包
gold_10951,4500日元-立花訚千代(碎片),武将,随机礼包
gold_11,0.99-策略礼包,计策,每日礼包
gold_110,UR武将礼包4,武将,幸运屋
gold_11001,5200日元-银币,货币,随机礼包
gold_11002,5200日元-玉钢,玉刚,随机礼包
gold_11003,5200日元-高级招募令,武将,随机礼包
gold_11004,5200日元-鉴宝令,装备,随机礼包
gold_11005,5200日元-天赋点,武将,随机礼包
gold_11006,5200日元-计策锦囊,,随机礼包
gold_11007,5200日元-招兵买马,计策,随机礼包
gold_11008,5200日元-财源滚滚,计策,随机礼包
gold_11009,5200日元-五谷丰登,计策,随机礼包
gold_11010,5200日元-行军加速,计策,随机礼包
gold_11011,5200日元-能工巧匠,计策,随机礼包
gold_11012,5200日元-鲁班再世,计策,随机礼包
gold_11013,5200日元-招募令,武将,随机礼包
gold_11014,5200日元-武将碎片包,,随机礼包
gold_11015,5200日元-稀有经验书,,随机礼包
gold_11016,5200日元-史诗经验书,武将,随机礼包
gold_11017,5200日元-传说经验书,武将,随机礼包
gold_11018,5200日元-蓝色装备(随机),,随机礼包
gold_11019,5200日元-紫色装备(随机),,随机礼包
gold_11020,5200日元-橙色装备(随机),装备,随机礼包
gold_11021,5200日元-绿色家宝,武将,随机礼包
gold_11022,5200日元-蓝色家宝,,随机礼包
gold_11023,5200日元-紫色家宝,,随机礼包
gold_11024,5200日元-橙色家宝,武将,随机礼包
gold_11025,5200日元-蓝色装备(任选),,随机礼包
gold_11026,5200日元-紫色装备(任选),装备,随机礼包
gold_11027,5200日元-SSR碎片(任选),武将,随机礼包
gold_11028,5200日元-SSR+碎片(任选),武将,随机礼包
gold_11029,5200日元-蓝经验国宝,国宝,随机礼包
gold_11030,5200日元-国宝招募令,国宝,随机礼包
gold_11031,5200日元-国宝升星道具,国宝,随机礼包
gold_11032,5200日元-金色国宝自选包,国宝,随机礼包
gold_11033,5200日元-铭刻道具,装备,随机礼包
gold_11034,5200日元-初级升阶道具,装备,随机礼包
gold_11035,5200日元-家督印（战旗征集道具）,战旗,随机礼包
gold_11036,5200日元-研习紫色道具,武将,随机礼包
gold_11037,5200日元-研习橙色道具,武将,随机礼包
gold_11038,5200日元-研习金色道具,武将,随机礼包
gold_11039,5200日元-战旗经验书-绿,战旗,随机礼包
gold_11040,5200日元-神威御礼,,随机礼包
gold_11041,5200日元-阵法招募道具,阵法,随机礼包
gold_11042,5200日元-阵法卷轴,阵法,随机礼包
gold_111,战鼓,战鼓,战鼓解锁
gold_11101,6000日元-银币,银币,随机礼包
gold_11102,6000日元-玉钢,玉刚,随机礼包
gold_11103,6000日元-高级招募令,,随机礼包
gold_11104,6000日元-鉴宝令,装备,随机礼包
gold_11105,6000日元-天赋点,,随机礼包
gold_11106,6000日元-计策锦囊,,随机礼包
gold_11107,6000日元-招兵买马,计策,随机礼包
gold_11108,6000日元-财源滚滚,计策,随机礼包
gold_11109,6000日元-五谷丰登,计策,随机礼包
gold_11110,6000日元-行军加速,计策,随机礼包
gold_11111,6000日元-能工巧匠,计策,随机礼包
gold_11112,6000日元-鲁班再世,计策,随机礼包
gold_11113,6000日元-招募令,,随机礼包
gold_11114,6000日元-武将碎片包,武将,随机礼包
gold_11115,6000日元-稀有经验书,武将,随机礼包
gold_11116,6000日元-史诗经验书,武将,随机礼包
gold_11117,6000日元-传说经验书,武将,随机礼包
gold_11118,6000日元-蓝色装备(随机),,随机礼包
gold_11119,6000日元-紫色装备(随机),装备,随机礼包
gold_11120,6000日元-橙色装备(随机),装备,随机礼包
gold_11121,6000日元-绿色家宝,,随机礼包
gold_11122,6000日元-蓝色家宝,,随机礼包
gold_11123,6000日元-紫色家宝,,随机礼包
gold_11124,6000日元-橙色家宝,,随机礼包
gold_11125,6000日元-蓝色装备(任选),装备,随机礼包
gold_11126,6000日元-紫色装备(任选),装备,随机礼包
gold_11127,6000日元-橙色装备(任选),装备,随机礼包
gold_11128,6000日元-SSR碎片(任选),武将,随机礼包
gold_11129,6000日元-SSR+碎片(任选),武将,随机礼包
gold_11130,6000日元-紫经验国宝,国宝,随机礼包
gold_11131,6000日元-橙经验国宝,国宝,随机礼包
gold_11132,6000日元-金经验国宝,国宝,随机礼包
gold_11133,6000日元-国宝招募令,国宝,随机礼包
gold_11134,6000日元-国宝升星道具,国宝,随机礼包
gold_11135,6000日元-金色国宝自选包,国宝,随机礼包
gold_11136,6000日元-铭刻道具,装备,随机礼包
gold_11137,6000日元-初级升阶道具,装备,随机礼包
gold_11138,6000日元-家督印（战旗征集道具）,战旗,随机礼包
gold_11139,6000日元-研习紫色道具,武将,随机礼包
gold_11140,6000日元-研习橙色道具,武将,随机礼包
gold_11141,6000日元-研习金色道具,武将,随机礼包
gold_11142,6000日元-战旗经验书-蓝,,随机礼包
gold_11143,6000日元-战旗经验书-紫,,随机礼包
gold_11144,6000日元-战旗经验书-橙,战旗,随机礼包
gold_11145,6000日元-战旗经验书-金,,随机礼包
gold_11146,6000日元-神威御礼,神威,随机礼包
gold_11147,6000日元-阵法招募道具,阵法,随机礼包
gold_11148,6000日元-阵法卷轴,阵法,随机礼包
gold_112,织田信长SSR+获得礼包,武将,幸运屋
gold_11201,6800日元-银币,,随机礼包
gold_11202,6800日元-玉钢,,随机礼包
gold_11203,6800日元-高级招募令,,随机礼包
gold_11204,6800日元-鉴宝令,,随机礼包
gold_11205,6800日元-天赋点,武将,随机礼包
gold_11206,6800日元-计策锦囊,,随机礼包
gold_11207,6800日元-招兵买马,计策,随机礼包
gold_11208,6800日元-财源滚滚,计策,随机礼包
gold_11209,6800日元-五谷丰登,计策,随机礼包
gold_11210,6800日元-行军加速,计策,随机礼包
gold_11211,6800日元-能工巧匠,计策,随机礼包
gold_11212,6800日元-鲁班再世,,随机礼包
gold_11213,6800日元-招募令,,随机礼包
gold_11214,6800日元-武将碎片包,,随机礼包
gold_11215,6800日元-稀有经验书,,随机礼包
gold_11216,6800日元-史诗经验书,,随机礼包
gold_11217,6800日元-传说经验书,,随机礼包
gold_11218,6800日元-蓝色装备(随机),,随机礼包
gold_11219,6800日元-紫色装备(随机),,随机礼包
gold_11220,6800日元-橙色装备(随机),装备,随机礼包
gold_11221,6800日元-绿色家宝,武将,随机礼包
gold_11222,6800日元-蓝色家宝,,随机礼包
gold_11223,6800日元-紫色家宝,,随机礼包
gold_11224,6800日元-橙色家宝,武将,随机礼包
gold_11225,6800日元-蓝色装备(任选),,随机礼包
gold_11226,6800日元-紫色装备(任选),,随机礼包
gold_11227,6800日元-SSR碎片(任选),武将,随机礼包
gold_11228,6800日元-SSR+碎片(任选),武将,随机礼包
gold_11229,6800日元-织田信长UR碎片,武将,随机礼包
gold_11230,6800日元-伊达政宗UR碎片,武将,随机礼包
gold_11231,6800日元-真田信村UR碎片,武将,随机礼包
gold_11232,6800日元-本多忠胜UR碎片,武将,随机礼包
gold_11233,6800日元-上杉谦信UR碎片,武将,随机礼包
gold_11234,6800日元-紫经验国宝,国宝,随机礼包
gold_11235,6800日元-橙经验国宝,国宝,随机礼包
gold_11236,6800日元-金经验国宝,国宝,随机礼包
gold_11237,6800日元-国宝招募令,,随机礼包
gold_11238,6800日元-国宝升星道具,国宝,随机礼包
gold_11239,6800日元-金色国宝自选包,国宝,随机礼包
gold_11240,6800日元-铭刻道具,装备,随机礼包
gold_11241,6800日元-初级升阶道具,装备,随机礼包
gold_11242,6800日元-家督印（战旗征集道具）,战旗,随机礼包
gold_11243,6800日元-研习紫色道具,武将,随机礼包
gold_11244,6800日元-研习橙色道具,武将,随机礼包
gold_11245,6800日元-研习金色道具,武将,随机礼包
gold_11246,6800日元-战旗经验书-蓝,,随机礼包
gold_11247,6800日元-战旗经验书-紫,,随机礼包
gold_11248,6800日元-战旗经验书-橙,战旗,随机礼包
gold_11249,6800日元-战旗经验书-金,,随机礼包
gold_11250,6800日元-神威御礼,,随机礼包
gold_11251,6800日元-阵法招募道具,阵法,随机礼包
gold_11252,6800日元-阵法卷轴,,随机礼包
gold_11253,6800日元-阿市UR(碎片),,随机礼包
gold_11254,6800日元-新-织田信长UR(碎片),武将,随机礼包
gold_11255,6800日元-伊达政宗(碎片),,随机礼包
gold_11256,6800日元-立花訚千代(碎片),,随机礼包
gold_113,丰成秀吉SSR+获得礼包,武将,幸运屋
gold_11301,7800日元-银币,银币,随机礼包
gold_11302,7800日元-玉钢,玉刚,随机礼包
gold_11303,7800日元-高级招募令,武将,随机礼包
gold_11304,7800日元-鉴宝令,,随机礼包
gold_11305,7800日元-天赋点,,随机礼包
gold_11306,7800日元-计策锦囊,计策,随机礼包
gold_11307,7800日元-招兵买马,计策,随机礼包
gold_11308,7800日元-财源滚滚,计策,随机礼包
gold_11309,7800日元-五谷丰登,计策,随机礼包
gold_11310,7800日元-行军加速,计策,随机礼包
gold_11311,7800日元-能工巧匠,计策,随机礼包
gold_11312,7800日元-鲁班再世,,随机礼包
gold_11313,7800日元-招募令,,随机礼包
gold_11314,7800日元-武将碎片包,武将,随机礼包
gold_11315,7800日元-稀有经验书,,随机礼包
gold_11316,7800日元-史诗经验书,武将,随机礼包
gold_11317,7800日元-传说经验书,,随机礼包
gold_11318,7800日元-蓝色装备(随机),,随机礼包
gold_11319,7800日元-紫色装备(随机),装备,随机礼包
gold_11320,7800日元-橙色装备(随机),装备,随机礼包
gold_11321,7800日元-绿色家宝,,随机礼包
gold_11322,7800日元-蓝色家宝,,随机礼包
gold_11323,7800日元-紫色家宝,,随机礼包
gold_11324,7800日元-橙色家宝,武将,随机礼包
gold_11325,7800日元-蓝色装备(任选),,随机礼包
gold_11326,7800日元-紫色装备(任选),,随机礼包
gold_11327,7800日元-橙色装备(任选),,随机礼包
gold_11328,7800日元-SSR碎片(任选),武将,随机礼包
gold_11329,7800日元-SSR+碎片(任选),武将,随机礼包
gold_11330,7800日元-紫经验国宝,国宝,随机礼包
gold_11331,7800日元-橙经验国宝,国宝,随机礼包
gold_11332,7800日元-金经验国宝,国宝,随机礼包
gold_11333,7800日元-国宝招募令,,随机礼包
gold_11334,7800日元-国宝升星道具,国宝,随机礼包
gold_11335,7800日元-金色国宝自选包,国宝,随机礼包
gold_11336,7800日元-铭刻道具,装备,随机礼包
gold_11337,7800日元-初级升阶道具,装备,随机礼包
gold_11338,7800日元-家督印（战旗征集道具）,战旗,随机礼包
gold_11339,7800日元-研习紫色道具,,随机礼包
gold_11340,7800日元-研习橙色道具,武将,随机礼包
gold_11341,7800日元-研习金色道具,武将,随机礼包
gold_11342,7800日元-战旗经验书-蓝,,随机礼包
gold_11343,7800日元-战旗经验书-紫,战旗,随机礼包
gold_11344,7800日元-战旗经验书-橙,战旗,随机礼包
gold_11345,7800日元-战旗经验书-金,战旗,随机礼包
gold_11346,7800日元-神威御礼,神威,随机礼包
gold_11347,7800日元-阵法招募道具,阵法,随机礼包
gold_11348,7800日元-阵法卷轴,,随机礼包
gold_114,宫本武藏SSR获得礼包,武将,幸运屋
gold_11401,8800日元-银币,货币,随机礼包
gold_11402,8800日元-玉钢,玉刚,随机礼包
gold_11403,8800日元-高级招募令,,随机礼包
gold_11404,8800日元-鉴宝令,,随机礼包
gold_11405,8800日元-天赋点,武将,随机礼包
gold_11406,8800日元-计策锦囊,,随机礼包
gold_11407,8800日元-招兵买马,,随机礼包
gold_11408,8800日元-财源滚滚,计策,随机礼包
gold_11409,8800日元-五谷丰登,计策,随机礼包
gold_11410,8800日元-行军加速,计策,随机礼包
gold_11411,8800日元-能工巧匠,计策,随机礼包
gold_11412,8800日元-鲁班再世,,随机礼包
gold_11413,8800日元-招募令,武将,随机礼包
gold_11414,8800日元-武将碎片包,武将,随机礼包
gold_11415,8800日元-稀有经验书,武将,随机礼包
gold_11416,8800日元-史诗经验书,武将,随机礼包
gold_11417,8800日元-传说经验书,,随机礼包
gold_11418,8800日元-蓝色装备(随机),装备,随机礼包
gold_11419,8800日元-紫色装备(随机),,随机礼包
gold_11420,8800日元-橙色装备(随机),装备,随机礼包
gold_11421,8800日元-绿色家宝,武将,随机礼包
gold_11422,8800日元-蓝色家宝,,随机礼包
gold_11423,8800日元-紫色家宝,武将,随机礼包
gold_11424,8800日元-橙色家宝,,随机礼包
gold_11425,8800日元-蓝色装备(任选),,随机礼包
gold_11426,8800日元-紫色装备(任选),装备,随机礼包
gold_11427,8800日元-橙色装备(任选),装备,随机礼包
gold_11428,8800日元-SSR碎片(任选),武将,随机礼包
gold_11429,8800日元-SSR+碎片(任选),武将,随机礼包
gold_11430,8800日元-织田信长UR碎片,武将,随机礼包
gold_11431,8800日元-伊达政宗UR碎片,,随机礼包
gold_11432,8800日元-真田信村UR碎片,武将,随机礼包
gold_11433,8800日元-本多忠胜UR碎片,武将,随机礼包
gold_11434,8800日元-上杉谦信UR碎片,武将,随机礼包
gold_11435,8800日元-紫经验国宝,国宝,随机礼包
gold_11436,8800日元-橙经验国宝,国宝,随机礼包
gold_11437,8800日元-金经验国宝,国宝,随机礼包
gold_11438,8800日元-国宝招募令,,随机礼包
gold_11439,8800日元-国宝升星道具,国宝,随机礼包
gold_11440,8800日元-金色国宝自选包,国宝,随机礼包
gold_11441,8800日元-铭刻道具,装备,随机礼包
gold_11442,8800日元-初级升阶道具,装备,随机礼包
gold_11443,8800日元-家督印（战旗征集道具）,,随机礼包
gold_11444,8800日元-研习紫色道具,,随机礼包
gold_11445,8800日元-研习橙色道具,,随机礼包
gold_11446,8800日元-研习金色道具,武将,随机礼包
gold_11447,8800日元-战旗经验书-蓝,战旗,随机礼包
gold_11448,8800日元-战旗经验书-紫,战旗,随机礼包
gold_11449,8800日元-战旗经验书-橙,,随机礼包
gold_11450,8800日元-战旗经验书-金,战旗,随机礼包
gold_11451,8800日元-神威御礼,神威,随机礼包
gold_11452,8800日元-阵法招募道具,阵法,随机礼包
gold_11453,8800日元-阵法卷轴,阵法,随机礼包
gold_11454,8800日元-阿市UR(碎片),武将,随机礼包
gold_11455,8800日元-新-织田信长UR(碎片),武将,随机礼包
gold_11456,8800日元-伊达政宗(碎片),武将,随机礼包
gold_11457,8800日元-立花訚千代(碎片),,随机礼包
gold_115,阿市SSR+获得礼包,武将,幸运屋
gold_11501,9800日元-银币,货币,随机礼包
gold_11502,9800日元-玉钢,,随机礼包
gold_11503,9800日元-高级招募令,,随机礼包
gold_11504,9800日元-鉴宝令,,随机礼包
gold_11505,9800日元-天赋点,,随机礼包
gold_11506,9800日元-计策锦囊,,随机礼包
gold_11507,9800日元-招兵买马,,随机礼包
gold_11508,9800日元-财源滚滚,计策,随机礼包
gold_11509,9800日元-五谷丰登,计策,随机礼包
gold_11510,9800日元-行军加速,计策,随机礼包
gold_11511,9800日元-能工巧匠,计策,随机礼包
gold_11512,9800日元-鲁班再世,,随机礼包
gold_11513,9800日元-招募令,,随机礼包
gold_11514,9800日元-武将碎片包,,随机礼包
gold_11515,9800日元-稀有经验书,武将,随机礼包
gold_11516,9800日元-史诗经验书,武将,随机礼包
gold_11517,9800日元-传说经验书,武将,随机礼包
gold_11518,9800日元-蓝色装备(随机),装备,随机礼包
gold_11519,9800日元-紫色装备(随机),,随机礼包
gold_11520,9800日元-橙色装备(随机),装备,随机礼包
gold_11521,9800日元-绿色家宝,武将,随机礼包
gold_11522,9800日元-蓝色家宝,,随机礼包
gold_11523,9800日元-紫色家宝,武将,随机礼包
gold_11524,9800日元-橙色家宝,武将,随机礼包
gold_11525,9800日元-蓝色装备(任选),装备,随机礼包
gold_11526,9800日元-紫色装备(任选),,随机礼包
gold_11527,9800日元-橙色装备(任选),装备,随机礼包
gold_11528,9800日元-SSR碎片(任选),武将,随机礼包
gold_11529,9800日元-SSR+碎片(任选),武将,随机礼包
gold_11530,9800日元-紫经验国宝,国宝,随机礼包
gold_11531,9800日元-橙经验国宝,,随机礼包
gold_11532,9800日元-金经验国宝,国宝,随机礼包
gold_11533,9800日元-国宝招募令,,随机礼包
gold_11534,9800日元-国宝升星道具,国宝,随机礼包
gold_11535,9800日元-金色国宝自选包,国宝,随机礼包
gold_11536,9800日元-铭刻道具,装备,随机礼包
gold_11537,9800日元-初级升阶道具,装备,随机礼包
gold_11538,9800日元-家督印（战旗征集道具）,战旗,随机礼包
gold_11539,9800日元-研习紫色道具,,随机礼包
gold_11540,9800日元-研习橙色道具,,随机礼包
gold_11541,9800日元-研习金色道具,,随机礼包
gold_11542,9800日元-战旗经验书-蓝,,随机礼包
gold_11543,9800日元-战旗经验书-紫,战旗,随机礼包
gold_11544,9800日元-战旗经验书-橙,,随机礼包
gold_11545,9800日元-战旗经验书-金,,随机礼包
gold_11546,9800日元-神威御礼,神威,随机礼包
gold_11547,9800日元-金色装备宝箱,,随机礼包
gold_11548,9800日元-阵法招募道具,阵法,随机礼包
gold_11549,9800日元-阵法卷轴,阵法,随机礼包
gold_116,前田松SSR获得礼包,武将,幸运屋
gold_11601,10800日元-银币,货币,随机礼包
gold_11602,10800日元-玉钢,玉刚,随机礼包
gold_11603,10800日元-高级招募令,武将,随机礼包
gold_11604,10800日元-鉴宝令,,随机礼包
gold_11605,10800日元-天赋点,,随机礼包
gold_11606,10800日元-计策锦囊,,随机礼包
gold_11607,10800日元-招兵买马,计策,随机礼包
gold_11608,10800日元-财源滚滚,计策,随机礼包
gold_11609,10800日元-五谷丰登,计策,随机礼包
gold_11610,10800日元-行军加速,计策,随机礼包
gold_11611,10800日元-能工巧匠,计策,随机礼包
gold_11612,10800日元-鲁班再世,,随机礼包
gold_11613,10800日元-招募令,武将,随机礼包
gold_11614,10800日元-武将碎片包,,随机礼包
gold_11615,10800日元-稀有经验书,武将,随机礼包
gold_11616,10800日元-史诗经验书,武将,随机礼包
gold_11617,10800日元-传说经验书,,随机礼包
gold_11618,10800日元-蓝色装备(随机),,随机礼包
gold_11619,10800日元-紫色装备(随机),,随机礼包
gold_11620,10800日元-橙色装备(随机),,随机礼包
gold_11621,10800日元-绿色家宝,,随机礼包
gold_11622,10800日元-蓝色家宝,,随机礼包
gold_11623,10800日元-紫色家宝,武将,随机礼包
gold_11624,10800日元-橙色家宝,,随机礼包
gold_11625,10800日元-蓝色装备(任选),,随机礼包
gold_11626,10800日元-紫色装备(任选),,随机礼包
gold_11627,10800日元-橙色装备(任选),,随机礼包
gold_11628,10800日元-SSR碎片(任选),武将,随机礼包
gold_11629,10800日元-SSR+碎片(任选),武将,随机礼包
gold_11630,10800日元-织田信长UR碎片,武将,随机礼包
gold_11631,10800日元-伊达政宗UR碎片,,随机礼包
gold_11632,10800日元-真田信村UR碎片,武将,随机礼包
gold_11633,10800日元-本多忠胜UR碎片,武将,随机礼包
gold_11634,10800日元-上杉谦信UR碎片,,随机礼包
gold_11635,10800日元-紫经验国宝,国宝,随机礼包
gold_11636,10800日元-橙经验国宝,国宝,随机礼包
gold_11637,10800日元-金经验国宝,,随机礼包
gold_11638,10800日元-国宝招募令,,随机礼包
gold_11639,10800日元-国宝升星道具,国宝,随机礼包
gold_11640,10800日元-金色国宝自选包,国宝,随机礼包
gold_11641,10800日元-铭刻道具,装备,随机礼包
gold_11642,10800日元-初级升阶道具,装备,随机礼包
gold_11643,10800日元-家督印（战旗征集道具）,,随机礼包
gold_11644,10800日元-研习紫色道具,武将,随机礼包
gold_11645,10800日元-研习橙色道具,,随机礼包
gold_11646,10800日元-研习金色道具,,随机礼包
gold_11647,10800日元-战旗经验书-蓝,,随机礼包
gold_11648,10800日元-战旗经验书-紫,,随机礼包
gold_11649,10800日元-战旗经验书-橙,,随机礼包
gold_11650,10800日元-战旗经验书-金,,随机礼包
gold_11651,10800日元-神威御礼,,随机礼包
gold_11652,10800日元-金色装备宝箱,,随机礼包
gold_11653,10800日元-阵法招募道具,阵法,随机礼包
gold_11654,10800日元-阵法卷轴,阵法,随机礼包
gold_11655,10800日元-阿市UR(碎片),,随机礼包
gold_11656,10800日元-新-织田信长UR(碎片),武将,随机礼包
gold_11657,10800日元-伊达政宗(碎片),,随机礼包
gold_11658,10800日元-立花訚千代(碎片),,随机礼包
gold_117,立花訚千代SSR获得礼包,武将,幸运屋
gold_11701,11800日元-银币,货币,随机礼包
gold_11702,11800日元-玉钢,,随机礼包
gold_11703,11800日元-高级招募令,武将,随机礼包
gold_11704,11800日元-鉴宝令,装备,随机礼包
gold_11705,11800日元-天赋点,,随机礼包
gold_11706,11800日元-计策锦囊,计策,随机礼包
gold_11707,11800日元-招兵买马,计策,随机礼包
gold_11708,11800日元-财源滚滚,计策,随机礼包
gold_11709,11800日元-五谷丰登,计策,随机礼包
gold_11710,11800日元-行军加速,计策,随机礼包
gold_11711,11800日元-能工巧匠,,随机礼包
gold_11712,11800日元-鲁班再世,,随机礼包
gold_11713,11800日元-招募令,,随机礼包
gold_11714,11800日元-武将碎片包,,随机礼包
gold_11715,11800日元-稀有经验书,,随机礼包
gold_11716,11800日元-史诗经验书,,随机礼包
gold_11717,11800日元-传说经验书,武将,随机礼包
gold_11718,11800日元-蓝色装备(随机),,随机礼包
gold_11719,11800日元-紫色装备(随机),,随机礼包
gold_11720,11800日元-橙色装备(随机),,随机礼包
gold_11721,11800日元-绿色家宝,,随机礼包
gold_11722,11800日元-蓝色家宝,,随机礼包
gold_11723,11800日元-紫色家宝,,随机礼包
gold_11724,11800日元-橙色家宝,,随机礼包
gold_11725,11800日元-蓝色装备(任选),,随机礼包
gold_11726,11800日元-紫色装备(任选),,随机礼包
gold_11727,11800日元-橙色装备(任选),,随机礼包
gold_11728,11800日元-SSR碎片(任选),武将,随机礼包
gold_11729,11800日元-SSR+碎片(任选),武将,随机礼包
gold_11730,11800日元-织田信长UR碎片,武将,随机礼包
gold_11731,11800日元-伊达政宗UR碎片,武将,随机礼包
gold_11732,11800日元-真田信村UR碎片,武将,随机礼包
gold_11733,11800日元-本多忠胜UR碎片,武将,随机礼包
gold_11734,11800日元-上杉谦信UR碎片,武将,随机礼包
gold_11735,11800日元-紫经验国宝,国宝,随机礼包
gold_11736,11800日元-橙经验国宝,国宝,随机礼包
gold_11737,11800日元-金经验国宝,,随机礼包
gold_11738,11800日元-国宝招募令,,随机礼包
gold_11739,11800日元-国宝升星道具,国宝,随机礼包
gold_11740,11800日元-金色国宝自选包,国宝,随机礼包
gold_11741,11800日元-铭刻道具,,随机礼包
gold_11742,11800日元-初级升阶道具,装备,随机礼包
gold_11743,11800日元-家督印（战旗征集道具）,战旗,随机礼包
gold_11744,11800日元-研习紫色道具,武将,随机礼包
gold_11745,11800日元-研习橙色道具,,随机礼包
gold_11746,11800日元-研习金色道具,,随机礼包
gold_11747,11800日元-战旗经验书-蓝,战旗,随机礼包
gold_11748,11800日元-战旗经验书-紫,,随机礼包
gold_11749,11800日元-战旗经验书-橙,战旗,随机礼包
gold_11750,11800日元-战旗经验书-金,,随机礼包
gold_11751,11800日元-神威御礼,神威,随机礼包
gold_11752,11800日元-金色装备宝箱,,随机礼包
gold_11753,11800日元-阵法招募道具,,随机礼包
gold_11754,11800日元-阵法卷轴,阵法,随机礼包
gold_11755,11800日元-阿市UR(碎片),,随机礼包
gold_11756,11800日元-新-织田信长UR(碎片),,随机礼包
gold_11757,11800日元-伊达政宗(碎片),,随机礼包
gold_11758,11800日元-立花訚千代(碎片),,随机礼包
gold_118,德川家康SSR+获得礼包,武将,幸运屋
gold_119,真田幸村SSR+获得礼包,武将,幸运屋
gold_12,4.99-养成礼包,武将,每日礼包
gold_120,上杉谦信SSR+,武将,幸运屋
gold_121,浅野宁宁SSR,武将,幸运屋
gold_122,斋藤归蝶SSR,武将,幸运屋
gold_123,伊达政宗SSR,武将,幸运屋
gold_124,武田信玄SSR,武将,幸运屋
gold_125,明智光秀SSR,武将,幸运屋
gold_126,毛利元就SSR,武将,幸运屋
gold_127,石田三成SSR,武将,幸运屋
gold_128,本多忠胜SSR+,武将,幸运屋
gold_129,柴田胜家SSR,武将,幸运屋
gold_130,出云阿国SSR+,武将,幸运屋
gold_131,浅井长政SSR,武将,幸运屋
gold_132,直江兼续SSR,武将,幸运屋
gold_133,足利义辉SSR,武将,幸运屋
gold_134,今川义元SSR,武将,幸运屋
gold_135,全UR获得礼包,武将,幸运屋
gold_136,佐佐木小次郎S1 SSR,武将,幸运屋
gold_137,足利义辉S1 SSR,武将,幸运屋
gold_138,宫本武藏S1 SSR,武将,幸运屋
gold_139,茶茶SSR,武将,幸运屋
gold_140,立花宗茂SSR,武将,幸运屋
gold_141,森兰丸SSR,武将,幸运屋
gold_142,望月千代SSR,武将,幸运屋
gold_143,小早川隆景SSR,武将,幸运屋
gold_144,佐佐木小次郎SSR,武将,幸运屋
gold_145,黑田官兵卫SSR,武将,幸运屋
gold_146,COS直江兼续SSR+,武将,幸运屋
gold_147,COS森兰丸SSR+,武将,幸运屋
gold_148,前田利家SSR+,武将,幸运屋
gold_149,竹中SSR+（智）,武将,幸运屋
gold_150,TW竹中SSR+（直江）,武将,幸运屋
gold_151,TW前田SSR+（森）,武将,幸运屋
gold_152,S3德川SSR+（防物）,武将,幸运屋
gold_153,S3柴田SSR+（力）,武将,幸运屋
gold_154,S3明智SSR（辅计）,武将,幸运屋
gold_155,S4佐助SSR+（防物）,武将,幸运屋
gold_156,S4加藤SSR+（力）,武将,幸运屋
gold_157,S4五右卫门SSR（辅智）,武将,幸运屋
gold_158,新-阿松SSR（辅计）,武将,幸运屋
gold_159,新-宁宁SSR(辅物),武将,幸运屋
gold_160,新-阿初SSR（辅计）,武将,幸运屋
gold_161,新-织田信长SSR+（智）,武将,幸运屋
gold_162,新-丰臣秀吉SSR+（辅计）,武将,幸运屋
gold_163,新-宫本武藏SSR(力),武将,幸运屋
gold_164,新-伊达正宗SSR（力）,武将,幸运屋
gold_165,新-佐佐木小次郎SSR（力）,武将,幸运屋
gold_166,新-浓姬SSR（智）,武将,幸运屋
gold_167,新-上杉谦信SSR+（智）,武将,幸运屋
gold_168,新-武田信玄SSR,武将,幸运屋
gold_169,新-立花SSR（防物）,武将,幸运屋
gold_170,新-阿市SSR+(辅物),武将,幸运屋
gold_171,新-真田幸村SSR+（力）,武将,幸运屋
gold_172,新-德川家康SSR+,武将,幸运屋
gold_173,新-明智光秀SSR,武将,幸运屋
gold_174,新-毛利元就SSR,武将,幸运屋
gold_175,新-石田三成SSR,武将,幸运屋
gold_176,新-柴田胜家SSR,武将,幸运屋
gold_177,新-浅井长政SSR,武将,幸运屋
gold_178,新-直江兼续SSR,武将,幸运屋
gold_179,新-本多忠胜SSR+（力）,武将,幸运屋
gold_180,新-出云阿国SSR+,武将,幸运屋
gold_181,新-足利义辉SSR,武将,幸运屋
gold_182,新-今川义元SSR,武将,幸运屋
gold_183,新-茶茶SSR,武将,幸运屋
gold_184,新-立花宗茂SSR,武将,幸运屋
gold_185,新-森兰丸SSR,武将,幸运屋
gold_186,新-望月千代女SSR,武将,幸运屋
gold_187,新-小早川隆景SSR,武将,幸运屋
gold_188,阿江-SSR(辅力),武将,幸运屋
gold_189,新-前田利家SSR+（力）,武将,幸运屋
gold_190,新-竹中半兵卫SSR+,武将,幸运屋
gold_191,新-黑田官兵卫SSR+,武将,幸运屋
gold_192,S5斋藤道三SSR+,武将,幸运屋
gold_193,S5佐竹义重SSR+,武将,幸运屋
gold_194,S5杂贺孙市SSR,武将,幸运屋
gold_195,S6千姬SSR+（智）,武将,幸运屋
gold_196,S6阿江SSR+（辅物）,武将,幸运屋
gold_197,S6德姬SSR（智）,武将,幸运屋
gold_198,S7山本勘助SSR+,武将,幸运屋
gold_199,S7北条氏政SSR+,武将,幸运屋
gold_2,9.99-600金币,金币,金币
gold_200,S7片仓小十郎SSR,武将,幸运屋
gold_20001,11800日元-限定战旗礼包,战旗,限购礼包
gold_20002,11800日元-限定阵法礼包,阵法,限购礼包
gold_20003,6000日元-限定国宝礼包,国宝,限购礼包
gold_20004,2400日元-限定铭刻礼包,装备,限购礼包
gold_20005,限购礼包-周年预热大折扣-UR碎片1,武将,限购礼包
gold_20006,限购礼包-周年预热大折扣-UR碎片2,武将,限购礼包
gold_20007,限购礼包-周年预热大折扣-UR碎片3,武将,限购礼包
gold_20008,限购礼包-周年预热大折扣-UR碎片4,武将,限购礼包
gold_20009,限购礼包-周年预热大折扣-SSR+碎片,武将,限购礼包
gold_20010,限购礼包-周年预热大折扣-UR战旗,战旗,限购礼包
gold_20011,限购礼包-周年预热大折扣-金装,装备,限购礼包
gold_20012,限购礼包-周年预热大折扣-赛季UR碎片,武将,限购礼包
gold_20013,限购礼包-周年预热大折扣-赛季SSR+碎片,武将,限购礼包
gold_20014,限购礼包-周年预热大折扣-国宝升星,国宝,限购礼包
gold_20015,限购礼包-周年预热大折扣-橙色国宝,国宝,限购礼包
gold_20016,限购礼包-周年预热大折扣-UR碎片1（copy）,武将,限购礼包
gold_20017,限购礼包-周年预热大折扣-UR碎片2（copy）,武将,限购礼包
gold_20018,限购礼包-周年预热大折扣-UR碎片3（copy）,武将,限购礼包
gold_20019,限购礼包-周年预热大折扣-UR碎片4（copy）,武将,限购礼包
gold_20020,限购礼包-周年预热大折扣-SSR+碎片（copy）,武将,限购礼包
gold_20021,限购礼包-周年预热大折扣-UR战旗（copy）,战旗,限购礼包
gold_20022,限购礼包-周年预热大折扣-金装（copy）,装备,限购礼包
gold_20023,限购礼包1200日元神器,神器,限购礼包
gold_20024,限购礼包1200日元战甲,神器,限购礼包
gold_20025,限购礼包1200日元新养成材料,神器,限购礼包
gold_20026,限购礼包2400日元符文箱,神器,限购礼包
gold_20027,限购礼包6000日元符文箱,神器,限购礼包
gold_20029,限购礼包11800日元材料,神器,限购礼包
gold_201,S8阿福之方SSR+,武将,幸运屋
gold_202,S8妙玖SSR+,武将,幸运屋
gold_203,S8大内义兴SSR,武将,幸运屋
gold_204,S9池坊专好SSR+,武将,幸运屋
gold_205,S9中小路SSR+,武将,幸运屋
gold_206,S9观世信光SSR,武将,幸运屋
gold_207,S10朝仓义景SSR+,武将,幸运屋
gold_208,S11锅岛直茂SSR+,武将,幸运屋
gold_209,S12本愿寺显如SSR+,武将,幸运屋
gold_210,S13结城晴朝SSR+,武将,幸运屋
gold_211,S14濑名姬SSR+,武将,幸运屋
gold_21101,超R等级30礼包,,条件触发礼包
gold_21102,超R等级45礼包,,条件触发礼包
gold_21103,超R等级55礼包,,条件触发礼包
gold_21104,超R等级65礼包,,条件触发礼包
gold_21105,超R等级75礼包,,条件触发礼包
gold_21106,超R等级80礼包,,条件触发礼包
gold_21107,超R等级85礼包,,条件触发礼包
gold_21108,超R等级90礼包,,条件触发礼包
gold_21109,超R等级95礼包,武将,条件触发礼包
gold_21110,超R等级100礼包,武将,条件触发礼包
gold_21111,超R等级105礼包,武将,条件触发礼包
gold_21112,超R等级110礼包,武将,条件触发礼包
gold_212,S15神原康政SSR+,武将,幸运屋
gold_21201,超R百炼30层礼包,,条件触发礼包
gold_21202,超R百炼50层礼包,,条件触发礼包
gold_21203,超R百炼60层礼包,武将,条件触发礼包
gold_21204,超R百炼70层礼包,,条件触发礼包
gold_21205,超R百炼80层礼包,武将,条件触发礼包
gold_21206,超R百炼90层礼包,,条件触发礼包
gold_21207,超R百炼100层礼包,武将,条件触发礼包
gold_213,S16安芸国虎SSR+,武将,幸运屋
gold_21301,超R普通副本10章礼包,,条件触发礼包
gold_21302,超R普通副本12章礼包,,条件触发礼包
gold_21303,超R普通副本14章礼包,,条件触发礼包
gold_21304,超R普通副本16章礼包,,条件触发礼包
gold_21305,超R普通副本18章礼包,,条件触发礼包
gold_21306,超R普通副本20章礼包,,条件触发礼包
gold_21307,超R普通副本21章礼包,,条件触发礼包
gold_21308,超R普通副本22章礼包,,条件触发礼包
gold_21309,超R普通副本23章礼包,,条件触发礼包
gold_214,S17筒井顺次SSR+,武将,幸运屋
gold_21401,超R精英副本10章礼包,,条件触发礼包
gold_21402,超R精英副本12章礼包,,条件触发礼包
gold_21403,超R精英副本14章礼包,,条件触发礼包
gold_21404,超R精英副本16章礼包,,条件触发礼包
gold_21405,超R精英副本18章礼包,,条件触发礼包
gold_21406,超R精英副本20章礼包,,条件触发礼包
gold_21407,超R精英副本21章礼包,,条件触发礼包
gold_21408,超R精英副本22章礼包,,条件触发礼包
gold_21409,超R精英副本23章礼包,,条件触发礼包
gold_215,S18山中鹿介SSR+,武将,幸运屋
gold_216,S19波多野秀治SSR+,武将,幸运屋
gold_217,S20朝日姬SSR+,武将,幸运屋
gold_218,S21北条纲成SSR+,武将,幸运屋
gold_219,S22见性院SSR+,武将,幸运屋
gold_22,0.99-七日新手礼包1,,新手礼包
gold_220,S23岛津家久,武将,幸运屋
gold_221,S24香宗我部亲泰,武将,幸运屋
gold_22101,大R等级30礼包,,条件触发礼包
gold_22102,大R等级45礼包,,条件触发礼包
gold_22103,大R等级55礼包,,条件触发礼包
gold_22104,大R等级65礼包,武将,条件触发礼包
gold_22105,大R等级75礼包,,条件触发礼包
gold_22106,大R等级80礼包,,条件触发礼包
gold_22107,大R等级85礼包,武将,条件触发礼包
gold_22108,大R等级90礼包,武将,条件触发礼包
gold_22109,大R等级95礼包,武将,条件触发礼包
gold_22110,大R等级100礼包,武将,条件触发礼包
gold_22111,大R等级105礼包,武将,条件触发礼包
gold_22112,大R等级110礼包,武将,条件触发礼包
gold_222,S25二好长逸SSR+,武将,幸运屋
gold_22201,大R百炼30层礼包,,条件触发礼包
gold_22202,大R百炼50层礼包,,条件触发礼包
gold_22203,大R百炼60层礼包,武将,条件触发礼包
gold_22204,大R百炼70层礼包,武将,条件触发礼包
gold_22205,大R百炼80层礼包,武将,条件触发礼包
gold_22206,大R百炼90层礼包,武将,条件触发礼包
gold_22207,大R百炼100层礼包,武将,条件触发礼包
gold_223,S26畠山高政SSR+,武将,幸运屋
gold_22301,大R普通副本10章礼包,,条件触发礼包
gold_22302,大R普通副本12章礼包,,条件触发礼包
gold_22303,大R普通副本14章礼包,,条件触发礼包
gold_22304,大R普通副本16章礼包,,条件触发礼包
gold_22305,大R普通副本18章礼包,,条件触发礼包
gold_22306,大R普通副本20章礼包,,条件触发礼包
gold_22307,大R普通副本21章礼包,武将,条件触发礼包
gold_22308,大R普通副本22章礼包,武将,条件触发礼包
gold_22309,大R普通副本23章礼包,,条件触发礼包
gold_224,S27SSR+,,幸运屋
gold_22401,大R精英副本10章礼包,,条件触发礼包
gold_22402,大R精英副本12章礼包,,条件触发礼包
gold_22403,大R精英副本14章礼包,,条件触发礼包
gold_22404,大R精英副本16章礼包,,条件触发礼包
gold_22405,大R精英副本18章礼包,,条件触发礼包
gold_22406,大R精英副本20章礼包,,条件触发礼包
gold_22407,大R精英副本21章礼包,,条件触发礼包
gold_22408,大R精英副本22章礼包,武将,条件触发礼包
gold_22409,大R精英副本23章礼包,武将,条件触发礼包
gold_225,S28SSR+,武将,幸运屋
gold_23,0.99-七日新手礼包2,,新手礼包
gold_23101,中R等级30礼包,武将,条件触发礼包
gold_23102,中R等级45礼包,武将,条件触发礼包
gold_23103,中R等级55礼包,武将,条件触发礼包
gold_23104,中R等级65礼包,,条件触发礼包
gold_23105,中R等级75礼包,武将,条件触发礼包
gold_23106,中R等级80礼包,,条件触发礼包
gold_23107,中R等级85礼包,,条件触发礼包
gold_23108,中R等级90礼包,,条件触发礼包
gold_23109,中R等级95礼包,,条件触发礼包
gold_23110,中R等级100礼包,,条件触发礼包
gold_23111,中R等级105礼包,武将,条件触发礼包
gold_23112,中R等级110礼包,,条件触发礼包
gold_23201,中R百炼30层礼包,,条件触发礼包
gold_23202,中R百炼50层礼包,,条件触发礼包
gold_23203,中R百炼60层礼包,,条件触发礼包
gold_23204,中R百炼70层礼包,,条件触发礼包
gold_23205,中R百炼80层礼包,,条件触发礼包
gold_23206,中R百炼90层礼包,,条件触发礼包
gold_23207,中R百炼100层礼包,,条件触发礼包
gold_23301,中R普通副本10章礼包,,条件触发礼包
gold_23302,中R普通副本12章礼包,武将,条件触发礼包
gold_23303,中R普通副本14章礼包,武将,条件触发礼包
gold_23304,中R普通副本16章礼包,武将,条件触发礼包
gold_23305,中R普通副本18章礼包,,条件触发礼包
gold_23306,中R普通副本20章礼包,,条件触发礼包
gold_23307,中R普通副本21章礼包,武将,条件触发礼包
gold_23308,中R普通副本22章礼包,武将,条件触发礼包
gold_23309,中R普通副本23章礼包,武将,条件触发礼包
gold_23401,中R精英副本10章礼包,武将,条件触发礼包
gold_23402,中R精英副本12章礼包,,条件触发礼包
gold_23403,中R精英副本14章礼包,,条件触发礼包
gold_23404,中R精英副本16章礼包,,条件触发礼包
gold_23405,中R精英副本18章礼包,武将,条件触发礼包
gold_23406,中R精英副本20章礼包,,条件触发礼包
gold_23407,中R精英副本21章礼包,,条件触发礼包
gold_23408,中R精英副本22章礼包,,条件触发礼包
gold_23409,中R精英副本23章礼包,,条件触发礼包
gold_24,0.99-七日新手礼包3,,新手礼包
gold_24101,小R等级30礼包,武将,条件触发礼包
gold_24102,小R等级45礼包,武将,条件触发礼包
gold_24103,小R等级55礼包,,条件触发礼包
gold_24104,小R等级65礼包,,条件触发礼包
gold_24105,小R等级75礼包,武将,条件触发礼包
gold_24106,小R等级80礼包,,条件触发礼包
gold_24107,小R等级85礼包,,条件触发礼包
gold_24108,小R等级90礼包,,条件触发礼包
gold_24109,小R等级95礼包,武将,条件触发礼包
gold_24110,小R等级100礼包,,条件触发礼包
gold_24111,小R等级105礼包,,条件触发礼包
gold_24112,小R等级110礼包,,条件触发礼包
gold_24201,小R百炼30层礼包,武将,条件触发礼包
gold_24202,小R百炼50层礼包,,条件触发礼包
gold_24203,小R百炼60层礼包,,条件触发礼包
gold_24204,小R百炼70层礼包,,条件触发礼包
gold_24205,小R百炼80层礼包,,条件触发礼包
gold_24206,小R百炼90层礼包,,条件触发礼包
gold_24207,小R百炼100层礼包,,条件触发礼包
gold_24301,小R普通副本10章礼包,武将,条件触发礼包
gold_24302,小R普通副本12章礼包,武将,条件触发礼包
gold_24303,小R普通副本14章礼包,武将,条件触发礼包
gold_24304,小R普通副本16章礼包,武将,条件触发礼包
gold_24305,小R普通副本18章礼包,,条件触发礼包
gold_24306,小R普通副本20章礼包,武将,条件触发礼包
gold_24307,小R普通副本21章礼包,,条件触发礼包
gold_24308,小R普通副本22章礼包,,条件触发礼包
gold_24309,小R普通副本23章礼包,,条件触发礼包
gold_24401,小R精英副本10章礼包,,条件触发礼包
gold_24402,小R精英副本12章礼包,武将,条件触发礼包
gold_24403,小R精英副本14章礼包,武将,条件触发礼包
gold_24404,小R精英副本16章礼包,,条件触发礼包
gold_24405,小R精英副本18章礼包,,条件触发礼包
gold_24406,小R精英副本20章礼包,武将,条件触发礼包
gold_24407,小R精英副本21章礼包,,条件触发礼包
gold_24408,小R精英副本22章礼包,,条件触发礼包
gold_24409,小R精英副本23章礼包,,条件触发礼包
gold_24410,永久特惠礼包1,神威,永久特惠礼包
gold_24411,永久特惠礼包2,装备,永久特惠礼包
gold_24412,永久特惠礼包3,武将,永久特惠礼包
gold_24413,惊喜vip3-39级-30元礼包1,,惊喜VIP礼包
gold_24414,惊喜vip3-39级-30元礼包2,,惊喜VIP礼包
gold_24415,惊喜vip3-39级-68元礼包,,惊喜VIP礼包
gold_24416,惊喜vip3-44级-30元礼包1,,惊喜VIP礼包
gold_24417,惊喜vip3-44级-30元礼包2,,惊喜VIP礼包
gold_24418,惊喜vip3-44级-68元礼包,,惊喜VIP礼包
gold_24419,惊喜vip3-59级-30元礼包1,,惊喜VIP礼包
gold_24420,惊喜vip3-59级-30元礼包2,,惊喜VIP礼包
gold_24421,惊喜vip3-59级-68元礼包,,惊喜VIP礼包
gold_24422,惊喜vip3-64级-30元礼包1,,惊喜VIP礼包
gold_24423,惊喜vip3-64级-30元礼包2,,惊喜VIP礼包
gold_24424,惊喜vip3-64级-68元礼包,,惊喜VIP礼包
gold_24425,惊喜vip3-65级-30元礼包1,,惊喜VIP礼包
gold_24426,惊喜vip3-65级-30元礼包2,,惊喜VIP礼包
gold_24427,惊喜vip3-65级-68元礼包,,惊喜VIP礼包
gold_24428,惊喜vip7-39级-30元礼包1,,惊喜VIP礼包
gold_24429,惊喜vip7-39级-30元礼包2,,惊喜VIP礼包
gold_24430,惊喜vip7-39级-68元礼包,,惊喜VIP礼包
gold_24431,惊喜vip7-39级-128元礼包,,惊喜VIP礼包
gold_24432,惊喜vip7-39级-328元礼包,,惊喜VIP礼包
gold_24433,惊喜vip7-44级-30元礼包1,,惊喜VIP礼包
gold_24434,惊喜vip7-44级-30元礼包2,,惊喜VIP礼包
gold_24435,惊喜vip7-44级-68元礼包,,惊喜VIP礼包
gold_24436,惊喜vip7-44级-128元礼包,,惊喜VIP礼包
gold_24437,惊喜vip7-44级-328元礼包,,惊喜VIP礼包
gold_24438,惊喜vip7-59级-30元礼包1,,惊喜VIP礼包
gold_24439,惊喜vip7-59级-30元礼包2,,惊喜VIP礼包
gold_24440,惊喜vip7-59级-68元礼包,,惊喜VIP礼包
gold_24441,惊喜vip7-59级-128元礼包,,惊喜VIP礼包
gold_24442,惊喜vip7-59级-328元礼包,,惊喜VIP礼包
gold_24443,惊喜vip7-64级-30元礼包1,,惊喜VIP礼包
gold_24444,惊喜vip7-64级-30元礼包2,,惊喜VIP礼包
gold_24445,惊喜vip7-64级-68元礼包,,惊喜VIP礼包
gold_24446,惊喜vip7-64级-128元礼包,,惊喜VIP礼包
gold_24447,惊喜vip7-64级-328元礼包,,惊喜VIP礼包
gold_24448,惊喜vip7-65级-30元礼包1,,惊喜VIP礼包
gold_24449,惊喜vip7-65级-30元礼包2,,惊喜VIP礼包
gold_24450,惊喜vip7-65级-68元礼包,,惊喜VIP礼包
gold_24451,惊喜vip7-65级-128元礼包,,惊喜VIP礼包
gold_24452,惊喜vip7-65级-328元礼包,,惊喜VIP礼包
gold_24453,惊喜vip8-39级-30元礼包1,,惊喜VIP礼包
gold_24454,惊喜vip8-39级-30元礼包2,,惊喜VIP礼包
gold_24455,惊喜vip8-39级-68元礼包,,惊喜VIP礼包
gold_24456,惊喜vip8-39级-128元礼包,,惊喜VIP礼包
gold_24457,惊喜vip8-39级-328元礼包,,惊喜VIP礼包
gold_24458,惊喜vip8-39级-648元礼包,,惊喜VIP礼包
gold_24459,惊喜vip8-44级-30元礼包1,,惊喜VIP礼包
gold_24460,惊喜vip8-44级-30元礼包2,,惊喜VIP礼包
gold_24461,惊喜vip8-44级-68元礼包,,惊喜VIP礼包
gold_24462,惊喜vip8-44级-128元礼包,,惊喜VIP礼包
gold_24463,惊喜vip8-44级-328元礼包,,惊喜VIP礼包
gold_24464,惊喜vip8-44级-648元礼包,,惊喜VIP礼包
gold_24465,惊喜vip8-59级-30元礼包1,,惊喜VIP礼包
gold_24466,惊喜vip8-59级-30元礼包2,,惊喜VIP礼包
gold_24467,惊喜vip8-59级-68元礼包,,惊喜VIP礼包
gold_24468,惊喜vip8-59级-128元礼包,,惊喜VIP礼包
gold_24469,惊喜vip8-59级-328元礼包,,惊喜VIP礼包
gold_24470,惊喜vip8-59级-648元礼包,,惊喜VIP礼包
gold_24471,惊喜vip8-64级-30元礼包1,,惊喜VIP礼包
gold_24472,惊喜vip8-64级-30元礼包2,,惊喜VIP礼包
gold_24473,惊喜vip8-64级-68元礼包,,惊喜VIP礼包
gold_24474,惊喜vip8-64级-128元礼包,,惊喜VIP礼包
gold_24475,惊喜vip8-64级-328元礼包,,惊喜VIP礼包
gold_24476,惊喜vip8-64级-648元礼包,,惊喜VIP礼包
gold_24477,惊喜vip8-65级-30元礼包1,,惊喜VIP礼包
gold_24478,惊喜vip8-65级-30元礼包2,,惊喜VIP礼包
gold_24479,惊喜vip8-65级-68元礼包,,惊喜VIP礼包
gold_24480,惊喜vip8-65级-128元礼包,,惊喜VIP礼包
gold_24481,惊喜vip8-65级-328元礼包,,惊喜VIP礼包
gold_24482,惊喜vip8-65级-648元礼包,,惊喜VIP礼包
gold_25,0.99-七日新手礼包4,,新手礼包
gold_25001,610日元每日礼包,,每日礼包
gold_25002,1200日元每日礼包,金币,每日礼包
gold_25003,2440日元每日礼包,,每日礼包
gold_25004,登录触发9.99美元招募礼包,招募,开运礼包
gold_25005,登录触发19.99美元招募礼包,武将,开运礼包
gold_25006,登录触发25.99美元招募礼包,武将,开运礼包
gold_25007,登录触发2.99美元SSR1礼包,,开运礼包
gold_25008,登录触发4.99美元SSR1礼包,武将,开运礼包
gold_25009,登录触发9.99美元SSR1礼包,,开运礼包
gold_25010,登录触发25.99美元SSR1礼包,武将,开运礼包
gold_25011,120日元招募礼包,武将,随机礼包
gold_25012,610日元SSR自选礼包,,随机礼包
gold_25013,1220日元SSR+随机箱子礼包,武将,随机礼包
gold_25014,6100日元金装礼包,武将,随机礼包
gold_25015,610日元银币&玉刚礼包,武将,随机礼包
gold_25016,1220日元战旗经验礼包,,随机礼包
gold_25017,2440日元战旗家督礼包,,随机礼包
gold_25018,6100日元UR碎片礼包,,随机礼包
gold_25019,登录触发49.99美元UR1礼包,武将,开运礼包
gold_25020,登录触发99.99美元UR1礼包,武将,开运礼包
gold_25021,登录触发49.99美元UR2礼包,武将,开运礼包
gold_25022,登录触发99.99美元UR2礼包,武将,开运礼包
gold_25023,登录触发49.99美元升星礼包,国宝,开运礼包
gold_25024,登录触发99.99美元升星礼包,武将,开运礼包
gold_25025,登录触发0.99美元装备礼包,装备,开运礼包
gold_25026,登录触发2.99美元装备礼包,装备,开运礼包
gold_25027,登录触发4.99美元装备礼包,装备,开运礼包
gold_25028,登录触发9.99美元装备礼包,装备,开运礼包
gold_25029,登录触发25.99美元紫色装备礼包,装备,开运礼包
gold_25030,登录触发25.99美元橙色装备礼包,装备,开运礼包
gold_25031,登录触发25.99美元金色装备礼包,装备,开运礼包
gold_25032,登录触发49.99美元橙色装备礼包,装备,开运礼包
gold_25033,登录触发99.99美元金色装备礼包,装备,开运礼包
gold_25034,登录触发4.99美元蓝色家宝礼包,武将,开运礼包
gold_25035,登录触发9.99美元蓝色家宝礼包,武将,开运礼包
gold_25036,登录触发9.99美元紫色家宝礼包,,开运礼包
gold_25037,登录触发19.99美元紫色家宝礼包,武将,开运礼包
gold_25038,登录触发49.99美元紫色家宝礼包,武将,开运礼包
gold_25039,登录触发25.99美元橙色家宝礼包,武将,开运礼包
gold_25040,登录触发49.99美元橙色家宝礼包,武将,开运礼包
gold_25041,登录触发49.99美元金色家宝礼包,武将,开运礼包
gold_25042,登录触发99.99美元金色家宝礼包,武将,开运礼包
gold_25043,登录触发0.99美元研习礼包,武将,开运礼包
gold_25044,登录触发4.99美元研习礼包,研习,开运礼包
gold_25045,登录触发9.99美元研习礼包,武将,开运礼包
gold_25046,登录触发19.99美元研习礼包,武将,开运礼包
gold_25047,登录触发25.99美元研习礼包,,开运礼包
gold_25048,登录触发49.99美元研习礼包,武将,开运礼包
gold_25049,登录触发99.99美元研习礼包,武将,开运礼包
gold_25050,登录触发9.99美元神威礼包,神威,开运礼包
gold_25051,登录触发9.99美元神威礼包,神威,开运礼包
gold_25052,登录触发19.99美元神威礼包,神威,开运礼包
gold_25053,登录触发25.99美元神威礼包,神威,开运礼包
gold_25054,登录触发25.99美元神威礼包,神威,开运礼包
gold_25055,登录触发49.99美元橙色神威礼包,神威,开运礼包
gold_25056,登录触发49.99美元金色神威随机礼包,神威,开运礼包
gold_25057,登录触发49.99美元金色神威自选礼包,神威,开运礼包
gold_25058,登录触发99.99美元金色神威自选礼包,神威,开运礼包
gold_25059,登录触发0.99美元战旗礼包,,开运礼包
gold_25060,登录触发4.99美元战旗礼包,战旗,开运礼包
gold_25061,登录触发9.99美元战旗礼包,,开运礼包
gold_25062,登录触发19.99美元战旗礼包,战旗,开运礼包
gold_25063,登录触发25.99美元战旗礼包,战旗,开运礼包
gold_25064,登录触发49.99美元战旗礼包,战旗,开运礼包
gold_25065,登录触发99.99美元战旗礼包,战旗,开运礼包
gold_25066,登录触发4.99美元战旗SSR+礼包,,开运礼包
gold_25067,登录触发9.99美元战旗SSR+礼包,战旗,开运礼包
gold_25068,登录触发19.99美元战旗SSR+礼包,战旗,开运礼包
gold_25069,登录触发19.99美元战旗UR礼包,战旗,开运礼包
gold_25070,登录触发25.99美元战旗SSR+礼包,战旗,开运礼包
gold_25071,登录触发25.99美元战旗UR礼包,战旗,开运礼包
gold_25072,登录触发49.99美元战旗UR礼包,战旗,开运礼包
gold_25073,登录触发99.99美元战旗UR礼包,战旗,开运礼包
gold_25074,登录触发25.99美元战旗材料礼包,战旗,开运礼包
gold_25075,登录触发49.99美元战旗材料礼包,战旗,开运礼包
gold_25076,登录触发99.99美元战旗材料礼包,战旗,开运礼包
gold_25077,登录触发99.99美元战旗经验礼包,战旗,开运礼包
gold_25078,登录触发9.99美元橙色国宝礼包,,开运礼包
gold_25079,登录触发19.99美元橙色国宝礼包,国宝,开运礼包
gold_25080,登录触发25.99美元橙色国宝礼包,国宝,开运礼包
gold_25081,登录触发25.99美元金色国宝礼包,国宝,开运礼包
gold_25082,登录触发49.99美元金色国宝礼包,国宝,开运礼包
gold_25083,登录触发49.99美元国宝升星礼包,国宝,开运礼包
gold_25084,登录触发99.99美元金色国宝礼包,国宝,开运礼包
gold_25085,登录触发99.99美元国宝升星礼包,国宝,开运礼包
gold_25086,登录触发99.99美元国宝经验礼包,国宝,开运礼包
gold_25087,登录触发25.99美元铭刻礼包,装备,开运礼包
gold_25088,登录触发49.99美元铭刻礼包,装备,开运礼包
gold_25089,登录触发99.99美元铭刻礼包,装备,开运礼包
gold_25090,登录触发0.99美元阵法礼包,,开运礼包
gold_25091,登录触发4.99美元阵法礼包,阵法,开运礼包
gold_25092,登录触发9.99美元阵法礼包,阵法,开运礼包
gold_25093,登录触发19.99美元阵法礼包,阵法,开运礼包
gold_25094,登录触发25.99美元阵法礼包,阵法,开运礼包
gold_25095,登录触发49.99美元阵法礼包,阵法,开运礼包
gold_25096,登录触发99.99美元阵法礼包,阵法,开运礼包
gold_25097,登录触发19.99美元橙色阵法礼包,阵法,开运礼包
gold_25098,登录触发25.99美元橙色阵法礼包,,开运礼包
gold_25099,登录触发49.99美元橙色阵法礼包,,开运礼包
gold_25100,登录触发49.99美元金色阵法礼包,,开运礼包
gold_25101,登录触发99.99美元金色阵法礼包,阵法,开运礼包
gold_25102,登录触发0.99美元混合礼包,,开运礼包
gold_25103,登录触发2.99美元混合礼包,,开运礼包
gold_25104,登录触发4.99美元混合礼包,武将,开运礼包
gold_25105,登录触发9.99美元混合礼包,武将,开运礼包
gold_25106,登录触发19.99美元混合礼包,武将,开运礼包
gold_25201,登录触发4.99美元SSR2礼包,,开运礼包
gold_25202,登录触发9.99美元SSR2礼包,,开运礼包
gold_25203,登录触发25.99美元SSR2礼包,武将,开运礼包
gold_25204,登录触发19.99美元SSR+1礼包,武将,开运礼包
gold_25205,登录触发42.99美元SSR+1礼包,武将,开运礼包
gold_25206,登录触发89.99美元SSR+1礼包,武将,开运礼包
gold_25207,登录触发19.99美元SSR+2礼包,武将,开运礼包
gold_25208,登录触发42.99美元SSR+2礼包,武将,开运礼包
gold_25209,登录触发89.99美元SSR+2礼包,武将,开运礼包
gold_25210,登录触发19.99美元SSR+3礼包,武将,开运礼包
gold_25211,登录触发42.99美元SSR+3礼包,武将,开运礼包
gold_25212,登录触发89.99美元SSR+3礼包,武将,开运礼包
gold_25213,登录触发42.99美元UR1礼包,武将,开运礼包
gold_25214,登录触发99.99美元UR1礼包,武将,开运礼包
gold_25215,登录触发42.99美元UR2礼包,武将,开运礼包
gold_25216,登录触发99.99美元UR2礼包,武将,开运礼包
gold_25217,登录触发42.99美元UR3礼包,武将,开运礼包
gold_25218,登录触发99.99美元UR3礼包,武将,开运礼包
gold_25219,登录触发42.99美元UR4礼包,武将,开运礼包
gold_25220,登录触发99.99美元UR4礼包,武将,开运礼包
gold_25221,登录触发42.99美元金色装备礼包,装备,开运礼包
gold_25222,登录触发99.99美元金色装备礼包,装备,开运礼包
gold_25223,登录触发25.99美元雷精礼包,装备,开运礼包
gold_25224,登录触发49.99美元雷精礼包,装备,开运礼包
gold_25225,登录触发89.99美元研习道具礼包,武将,开运礼包
gold_25226,登录触发4.99美元战旗SSR+礼包,战旗,开运礼包
gold_25227,登录触发19.99美元战旗SSR+礼包,战旗,开运礼包
gold_25228,登录触发25.99美元战旗SSR+礼包,战旗,开运礼包
gold_25229,登录触发4.99美元赛季战旗SSR+礼包,战旗,开运礼包
gold_25230,登录触发19.99美元赛季战旗SSR+礼包,战旗,开运礼包
gold_25231,登录触发25.99美元赛季战旗SSR+礼包,战旗,开运礼包
gold_25232,登录触发19.99美元战旗UR1礼包,战旗,开运礼包
gold_25233,登录触发25.99美元战旗UR1礼包,战旗,开运礼包
gold_25234,登录触发49.99美元战旗UR1礼包,战旗,开运礼包
gold_25235,登录触发99.99美元战旗UR1礼包,战旗,开运礼包
gold_25236,登录触发19.99美元战旗UR2礼包,战旗,开运礼包
gold_25237,登录触发25.99美元战旗UR2礼包,战旗,开运礼包
gold_25238,登录触发49.99美元战旗UR2礼包,战旗,开运礼包
gold_25239,登录触发99.99美元战旗UR2礼包,战旗,开运礼包
gold_25240,登录触发19.99美元战旗UR3礼包,战旗,开运礼包
gold_25241,登录触发25.99美元战旗UR3礼包,战旗,开运礼包
gold_25242,登录触发49.99美元战旗UR3礼包,战旗,开运礼包
gold_25243,登录触发99.99美元战旗UR3礼包,战旗,开运礼包
gold_25244,登录触发19.99美元战旗UR4礼包,战旗,开运礼包
gold_25245,登录触发25.99美元战旗UR4礼包,战旗,开运礼包
gold_25246,登录触发49.99美元战旗UR4礼包,战旗,开运礼包
gold_25247,登录触发99.99美元战旗UR4礼包,战旗,开运礼包
gold_25248,登录触发99.99美元战旗经验礼包,战旗,开运礼包
gold_25249,登录触发9.99美元橙色国宝礼包,国宝,开运礼包
gold_25250,登录触发19.99美元橙色国宝礼包,国宝,开运礼包
gold_25251,登录触发25.99美元橙色国宝礼包,国宝,开运礼包
gold_25252,登录触发25.99美元金色国宝礼包,国宝,开运礼包
gold_25253,登录触发49.99美元金色国宝礼包,国宝,开运礼包
gold_25254,登录触发99.99美元金色国宝礼包,国宝,开运礼包
gold_25255,登录触发0.99美元战旗招募令礼包,战旗,开运礼包
gold_25256,登录触发9.99美元战旗招募令礼包,战旗,开运礼包
gold_25257,登录触发89.99美元战旗招募令礼包,战旗,开运礼包
gold_25258,登录触发9.99美元神威礼包,神威,开运礼包
gold_25259,登录触发99.99美元金色神威自选礼包,神威,开运礼包
gold_25260,登录触发9.99美元阵法礼包,阵法,开运礼包
gold_25261,登录触发25.99美元阵法礼包,阵法,开运礼包
gold_25268,登录触发42.99美元UR5礼包-直虎,武将,开运礼包
gold_25269,登录触发99.99美元UR5礼包-直虎,武将,开运礼包
gold_25272,登录触发0.99符文,神器,开运礼包
gold_25273,登录触发4.99符文,神器,开运礼包
gold_25274,登录触发9.99符文,神器,开运礼包
gold_25275,登录触发19.99符文,神器,开运礼包
gold_25276,登录触发25.99符文,神器,开运礼包
gold_25277,登录触发49.99符文,神器,开运礼包
gold_25278,登录触发99.99符文,神器,开运礼包
gold_25279,登录触发0.99赤玉,神器,开运礼包
gold_25280,登录触发9.99赤玉,神器,开运礼包
gold_25281,登录触发49.99赤玉,神器,开运礼包
gold_26,4.99-七日新手礼包5,,新手礼包
gold_26001,小额充值礼包160日元,金币,每日礼包
gold_26004,每日礼包160日元,神器,每日礼包
gold_26005,每日礼包650日元,神器,每日礼包
gold_26006,每日礼包1200日元,神器,每日礼包
gold_27,4.99-七日新手礼包6,,新手礼包
gold_28,4.99-七日新手礼包7,,新手礼包
gold_29,49.99-高级成长计划,武将,成长计划
gold_3,19.99-1200金币,金币,金币
gold_30,4.99-1组-左,,新手优惠礼包
gold_30001,助力160日元五谷丰登,,助力礼包
gold_30002,助力650日元五谷丰登,,助力礼包
gold_30003,助力1800日元五谷丰登,,助力礼包
gold_30004,助力3200日元五谷丰登,,助力礼包
gold_30005,助力6000日元五谷丰登,,助力礼包
gold_30006,助力480日元招兵买马,,助力礼包
gold_30007,助力650日元招兵买马,,助力礼包
gold_30008,助力1800日元招兵买马,,助力礼包
gold_30009,助力3200日元招兵买马,,助力礼包
gold_30010,助力650日元行军加速,,助力礼包
gold_30011,助力3200日元行军加速,,助力礼包
gold_30012,助力6000日元行军加速,,助力礼包
gold_30013,助力650日元SSR碎片(任选),,助力礼包
gold_30014,助力3200日元SSR碎片(任选),,助力礼包
gold_30015,助力6000日元SSR碎片(任选),,助力礼包
gold_30016,助力11800日元SSR碎片(任选),,助力礼包
gold_30017,助力1800日元国宝升星道具,,助力礼包
gold_30018,助力6000日元国宝升星道具,,助力礼包
gold_30019,助力11800日元国宝升星道具,,助力礼包
gold_30020,助力1200日元紫经验国宝,,助力礼包
gold_30021,助力6000日元橙经验国宝,,助力礼包
gold_30022,助力3200日元金色国宝自选包,,助力礼包
gold_30023,助力4400日元金色国宝自选包,,助力礼包
gold_30024,助力11800日元金色国宝自选包,,助力礼包
gold_30025,助力160日元铭刻道具,,助力礼包
gold_30026,助力650日元铭刻道具自选包,,助力礼包
gold_30027,助力3200日元铭刻道具自选包,,助力礼包
gold_30028,助力6000日元铭刻道具自选包,,助力礼包
gold_30029,助力480日元家督印（战旗征集道具）,,助力礼包
gold_30030,助力1800日元家督印（战旗征集道具）,,助力礼包
gold_30031,助力3200日元家督印（战旗征集道具）,,助力礼包
gold_30032,助力160日元研习道具自选包,,助力礼包
gold_30033,助力1200日元研习道具自选包,,助力礼包
gold_30034,助力6000日元研习道具自选包,,助力礼包
gold_30035,助力3900日元玉钢,,助力礼包
gold_30036,助力6000日元玉钢,,助力礼包
gold_301,19.99-新尊贵月卡,月卡,月卡
gold_302,4.99-新月卡,月卡,月卡
gold_303,49.99-高级成长计划,,成长计划
gold_304,9.99-成长计划,,成长计划
gold_305,每日特惠活动档位1,运营活动,运营活动直购礼包
gold_306,每日特惠活动档位2,运营活动,运营活动直购礼包
gold_307,每日特惠活动档位3,运营活动,运营活动直购礼包
gold_308,每日特惠活动档位1-绿之日,运营活动,运营活动直购礼包
gold_309,每日特惠活动档位2-绿之日,运营活动,运营活动直购礼包
gold_31,19.99-1组-右,,新手优惠礼包
gold_310,每日特惠活动档位3-绿之日,运营活动,运营活动直购礼包
gold_311,战鼓2,战鼓,战鼓解锁
gold_312,玩家回流自选礼包1,武将,玩家回流礼包
gold_313,玩家回流自选礼包2,战旗,玩家回流礼包
gold_314,玩家回流自选礼包3,战旗,玩家回流礼包
gold_315,玩家回流自选礼包4,国宝,玩家回流礼包
gold_316,9.99-新尊贵月卡-回流折扣,月卡,月卡
gold_317,2.99-新月卡-回流折扣,月卡,月卡
gold_318,4周年庆典自选礼包1,武将,4周年庆典自选礼包
gold_319,4周年庆典自选礼包2,计策,4周年庆典自选礼包
gold_32,0.99-2组屌丝-左,,新手优惠礼包
gold_320,4周年庆典自选礼包3,武将,4周年庆典自选礼包
gold_321,UR战旗自选礼包-元旦,战旗,4周年庆典自选礼包
gold_322,SSR+武将碎片自选礼包-元旦,武将,4周年庆典自选礼包
gold_323,计策道具自选礼包-元旦,计策,4周年庆典自选礼包
gold_324,行脚商人-自选礼包2,行脚商人,行脚商人
gold_327,行脚商人-自选礼包1,行脚商人,行脚商人
gold_33,4.99-2组屌丝-右,,新手优惠礼包
gold_34,9.99-2组小R-左,,新手优惠礼包
gold_35,19.99-2组小R-右,,新手优惠礼包
gold_350,赛季UR转盘礼包1,武将,超级转盘
gold_351,赛季UR转盘礼包2,武将,超级转盘
gold_352,赛季UR转盘礼包3,武将,超级转盘
gold_353,赛季UR转盘礼包4,武将,超级转盘
gold_354,赛季UR转盘礼包5,武将,超级转盘
gold_36,19.99-2组中R-左,,新手优惠礼包
gold_37,49.99-2组中R-右,,新手优惠礼包
gold_38,49.99-2组大R-左,,新手优惠礼包
gold_39,99.99-2组大R-右,,新手优惠礼包
gold_4,49.99-3200金币,金币,金币
gold_40,0.99-3组屌丝-左,,新手优惠礼包
gold_401,晋级征途,通行证,battlepass
gold_402,四周年通行证,通行证,battlepass-周年庆
gold_41,4.99-3组屌丝-右,,新手优惠礼包
gold_42,4.99-3组小R-左,,新手优惠礼包
gold_43,9.99-3组小R-右,,新手优惠礼包
gold_44,19.99-3组中R-左,,新手优惠礼包
gold_45,49.99-3组中R-右,,新手优惠礼包
gold_46,49.99-3组大R-左,,新手优惠礼包
gold_47,99.99-3组大R-右,,新手优惠礼包
gold_48,9.99-成长计划,金币,成长计划
gold_5,99.99-6600金币@JPY,金币,金币
gold_501,2021春日祭稀有礼包4.99-300金币,,春日祭通行证
gold_502,2021春日祭史诗礼包9.99-600金币,,春日祭通行证
gold_503,2021夏日祭稀有礼包4.99-300金币,运营活动,冬日祭通行证
gold_504,2021夏日祭史诗礼包9.99-600金币,运营活动,冬日祭通行证
gold_505,游园会稀有礼包9.99-300金币,运营活动,游园会通行证
gold_506,游园会史诗礼包19.99-600金币,运营活动,游园会通行证
gold_59,30211,计策,荣耀特典
gold_60,68211,,荣耀特典
gold_61,30221,计策,荣耀特典
gold_62,68221,武将,荣耀特典
gold_63,128221,武将,荣耀特典
gold_64,328221,武将,荣耀特典
gold_65,68231,武将,荣耀特典
gold_66,128231,计策,荣耀特典
gold_67,328231,武将,荣耀特典
gold_68,648231,武将,荣耀特典
gold_7,4.99-300金币,金币,金币
gold_71,SSR武将,武将,首充之礼包
gold_72,装备,装备,首充之礼包
gold_73,SSR+武将,武将,首充之礼包
gold_8,0.99-30金币,金币,金币
gold_81,七日新手礼包1new,武将,新手礼包
gold_82,七日新手礼包2new,武将,新手礼包
gold_83,七日新手礼包3new,武将,新手礼包
gold_84,七日新手礼包4new,武将,新手礼包
gold_85,七日新手礼包5new,武将,新手礼包
gold_86,七日新手礼包6new,武将,新手礼包
gold_87,七日新手礼包7new,武将,新手礼包
gold_9,4.99-月卡,月卡,月卡
gold_355,赛季UR转盘礼包6,,转盘活动
gold_26007,每日礼包2400日元,神器,每日礼包
gold_26008,每日礼包6000日元,神器,每日礼包
gold_328,行脚商人-自选礼包5,,行脚商人
gold_25282,登录触发99.99赤玉,,开运礼包
gold_30037,助力480日元SSR碎片,,助力礼包
gold_30038,助力3200日元SSR碎片,,助力礼包
gold_30039,助力6000日元SSR碎片,,助力礼包
gold_30040,助力11800日元SSR碎片,,助力礼包
gold_30041,助力6000日元玉子碎片随机包,,助力礼包
gold_30042,助力11800日元玉子碎片随机包,,助力礼包
gold_30043,助力160日元体力,,助力礼包
gold_30044,助力160日元武将经验随机包,,助力礼包
gold_30045,助力160日元战旗经验随机包,,助力礼包
gold_30046,助力160日元经验国宝随机包,,助力礼包
gold_30047,助力6000日元橙色国宝自选,,助力礼包
gold_30048,助力160日元铭刻道具随机包,,助力礼包
gold_30049,助力650日元低级升阶道具随机包,,助力礼包
gold_30050,助力650日元研习橙色道具随机包,,助力礼包
gold_30051,助力160日元研习紫色道具随机包,,助力礼包
gold_30052,助力6000日元橙色装备宝箱,,助力礼包
gold_356,冬日祭礼包4.99档位1,,冬日祭活动礼包
gold_357,冬日祭礼包19.99档位2,,冬日祭活动礼包
gold_358,冬日祭礼包99.99档位3,,冬日祭活动礼包
gold_359,冬日祭礼包99.99档位4,,冬日祭活动礼包
gold_360,圣诞袜礼包1,,圣诞礼包
gold_361,圣诞袜礼包2,,圣诞礼包
gold_362,圣诞袜礼包3,,圣诞礼包
gold_363,圣诞袜礼包4,,圣诞礼包
gold_364,圣诞袜礼包5,,圣诞礼包
gold_329,行脚商人-自选礼包1,,行脚商人
gold_330,行脚商人-自选礼包2,,行脚商人
gold_331,行脚商人-自选礼包3,,行脚商人
gold_332,行脚商人-自选礼包4,,行脚商人
gold_333,行脚商人-自选礼包5,,行脚商人
gold_20030,限购礼包11800日元符文,,限购礼包
gold_20031,限购礼包6000日元符文,,限购礼包
gold_20032,限购礼包3200日元符文,,限购礼包
gold_20033,限购礼包6000日元战旗,,限购礼包
gold_20034,限购礼包6000日元金国宝,,限购礼包
gold_20035,限购礼包3200日元橙国宝,,限购礼包
gold_20036,限购礼包3200日元国宝升星,,限购礼包
gold_20037,限购礼包6000日元金神威自选,,限购礼包
gold_371,月次祭礼包1,,月次祭礼包
gold_372,月次祭礼包2,,月次祭礼包
gold_373,月次祭礼包3,,月次祭礼包
gold_374,月次祭礼包4,,月次祭礼包
gold_375,月次祭礼包5,,月次祭礼包
gold_20038,限购礼包600日元抽奖自选,,限购礼包
gold_20039,限购礼包600日元赤玉、金币随机箱,,限购礼包
gold_20040,限购礼包1200日元雷精、金币随机箱,,限购礼包
gold_20041,限购礼包1200日元神器随机包、金币随机箱,,限购礼包
gold_20042,限购礼包2400日元符文赤玉,,限购礼包
gold_20043,限购礼包2400日元赤玉锻造石,,限购礼包
gold_20044,限购礼包6000日元国宝,,限购礼包
gold_20045,限购礼包11800日元赤玉锻造石,,限购礼包
gold_226,S29SSR+,,幸运屋
gold_20046,限购礼包650日元金币体力,,限购礼包
gold_20047,限购礼包1200日元金币赤玉,,限购礼包
gold_20048,限购礼包6000日元金币赤玉,,限购礼包
gold_20049,限购礼包11800日元金币赤玉,,限购礼包
gold_14,（弃用）4.99-新手1组礼包左,,弃用
gold_15,（弃用）19.99-新手1组礼包右,,弃用
gold_16,（弃用）0.99-新手2组屌丝礼包左,,弃用
gold_17,（弃用）4.99-新手2组屌丝礼包右,,弃用
gold_18,（弃用）4.99-新手2组小R礼包左,,弃用
gold_19,（弃用）9.99-新手2组小R礼包右,,弃用
gold_20,（弃用）19.99-新手2组大R礼包左,,弃用
gold_21,（弃用）49.99-新手2组大R礼包右,,弃用
gold_376,神魔-绘马礼包1,,神魔之乱
gold_377,神魔-绘马礼包2,,神魔之乱
gold_378,神魔-绘马礼包3,,神魔之乱
gold_379,神魔-绘马礼包4,,神魔之乱
gold_380,神魔-绘马礼包5,,神魔之乱
gold_386,自由市集礼包4.99档位1,,自由集市
gold_387,自由市集包19.99档位2,,自由集市
gold_388,自由市集包99.99档位3,,自由集市
gold_389,自由市集包99.99档位4,,自由集市
gold_20050,限购礼包6000日元金币赛季装备,,限购礼包
gold_20051,限购礼包11800日元战旗1,,限购礼包
gold_20052,限购礼包11800日元战旗2,,限购礼包
gold_20053,限购礼包11800日元阵法打骨折,,限购礼包
gold_411,赛季UR养成星级battlepass99.99-6600金币,,赛季UR养成通行证
gold_412,赛季UR养成战力battlepass49.99-3200金币,,赛季UR养成通行证
gold_441,赛季整合礼包4.99-320金币-1,,赛季征战活动
gold_442,赛季整合礼包9.99-600金币-1,,赛季征战活动
gold_443,赛季整合礼包19.99-1200金币-1,,赛季征战活动
gold_444,赛季整合礼包49.99-3200金币-1,,赛季征战活动
gold_445,赛季整合礼包99.99-6600金币-1,,赛季征战活动
gold_446,赛季整合礼包4.99-320金币-2,,赛季征战活动
gold_447,赛季整合礼包9.99-600金币-2,,赛季征战活动
gold_448,赛季整合礼包19.99-1200金币-2,,赛季征战活动
gold_449,赛季整合礼包49.99-3200金币-2,,赛季征战活动
gold_450,赛季整合礼包99.99-6600金币-2,,赛季征战活动
gold_40001,一键购买日礼包-1,,每日一键
gold_40002,一键购买日礼包-2,,每日一键
gold_40003,一键购买日礼包-3,,每日一键
gold_40004,一键购买,,每日一键
gold_50001,每日礼包-new-金币1,,周期-日礼包
gold_50002,每日礼包-new-金币2,,周期-日礼包
gold_50003,每日礼包-new-金币3,,周期-日礼包
gold_50004,每日礼包-new-金币4,,周期-日礼包
gold_50005,每日礼包-new-金币5,,周期-日礼包
gold_50006,每日礼包-神器1,,周期-日礼包
gold_50007,每日礼包-神器2,,周期-日礼包
gold_50008,每日礼包-神器3,,周期-日礼包
gold_50009,每日礼包-神器4,,周期-日礼包
gold_50010,每日礼包-神器5,,周期-日礼包
gold_50011,每日礼包-神器6,,周期-日礼包
gold_50012,每日礼包-神器7,,周期-日礼包
gold_50013,每日礼包-神器8,,周期-日礼包
gold_50014,每日礼包-神器9,,周期-日礼包
gold_50015,每日礼包-养成1,,周期-日礼包
gold_50016,每日礼包-养成2,,周期-日礼包
gold_50017,每日礼包-养成3,,周期-日礼包
gold_50018,每日礼包-养成4,,周期-日礼包
gold_50019,每日礼包-养成5,,周期-日礼包
gold_50020,每日礼包-养成6,,周期-日礼包
gold_50021,每日礼包-养成7,,周期-日礼包
gold_50022,每日礼包-养成8,,周期-日礼包
gold_50023,每日礼包-养成9,,周期-日礼包
gold_50024,每日礼包-养成10,,周期-日礼包
gold_50025,周礼包-1,,周期-周礼包
gold_50026,周礼包-2,,周期-周礼包
gold_50027,周礼包-3,,周期-周礼包
gold_50028,周礼包-4,,周期-周礼包
gold_50029,周礼包-5,,周期-周礼包
gold_50030,周礼包-6,,周期-周礼包
gold_50031,周礼包-7,,周期-周礼包
gold_50032,周礼包-8,,周期-周礼包
gold_50033,周礼包-9,,周期-周礼包
gold_50034,周礼包-10,,周期-周礼包
gold_50035,周礼包-11,,周期-周礼包
gold_50036,周礼包-12,,周期-周礼包
gold_50037,周礼包-13,,周期-周礼包
gold_50038,周礼包-14,,周期-周礼包
gold_50039,周礼包-15,,周期-周礼包
gold_50040,周礼包-16,,周期-周礼包
gold_50041,周礼包-17,,周期-周礼包
gold_50042,周礼包-18,,周期-周礼包
gold_50043,周礼包-19,,周期-周礼包
gold_50044,周礼包-20,,周期-周礼包
gold_50045,周礼包-21,,周期-周礼包
gold_50046,周礼包-22,,周期-周礼包
gold_50047,周礼包-23,,周期-周礼包
gold_50048,周礼包-24,,周期-周礼包
gold_50049,周礼包-25,,周期-周礼包
gold_50050,周礼包-26,,周期-周礼包
gold_50051,周礼包-27,,周期-周礼包
gold_50052,周礼包-28,,周期-周礼包
gold_50053,周礼包-29,,周期-周礼包
gold_50054,周礼包-30,,周期-周礼包
gold_50055,周礼包-31,,周期-周礼包
gold_50056,周礼包-32,,周期-周礼包
gold_50057,周礼包-33,,周期-周礼包
gold_50058,周礼包-34,,周期-周礼包
gold_227,新年SSR+鹤姬,,幸运屋
gold_490,荣耀特典49.99赤玉,,荣耀特典
gold_491,荣耀特典49.99阵法卷轴,,荣耀特典
gold_492,荣耀特典99.99赤玉,,荣耀特典
gold_493,荣耀特典99.99阵法卷轴,,荣耀特典
gold_413,2024情人节稀有礼包4.99-300金币,,2024情人节稀有礼包4.99-300金币
gold_414,2024情人节史诗礼包19.99-600金币,,2024情人节史诗礼包19.99-600金币
gold_60001,2024情人节信物礼包1,,情人节信物礼包
gold_60002,2024情人节信物礼包2,,情人节信物礼包
gold_60003,2024情人节信物礼包3,,情人节信物礼包
gold_60004,2024情人节信物礼包4,,情人节信物礼包
gold_60005,2024情人节信物礼包5,,情人节信物礼包
gold_70001,情人节限定礼包1,,限购礼包
gold_70002,情人节限定礼包2,,限购礼包
gold_70003,情人节限定礼包3,,限购礼包
gold_70004,情人节限定礼包4,,限购礼包
gold_70005,情人节限定礼包5,,限购礼包
gold_70006,情人节限定礼包6,,限购礼包
gold_70007,情人节限定礼包7,,限购礼包
gold_70008,情人节限定礼包8,,限购礼包
gold_70009,情人节限定礼包9,,限购礼包
gold_70010,情人节限定礼包10,,限购礼包
gold_70011,本月限购1,,限购礼包
gold_70012,本月限购2,,限购礼包
gold_70013,本月限购3,,限购礼包
gold_70014,本月限购4,,限购礼包
gold_70015,本月限购5,,限购礼包
gold_70016,本月限购6,,限购礼包
gold_70017,本月限购7,,限购礼包
gold_70018,本月限购8,,限购礼包
gold_70019,限购礼包11800日元阵法打骨折,,限购礼包
gold_70020,限购礼包11800日元阵法打骨折（情人节）,,限购礼包
gold_228,S30SSR+,,幸运屋
gold_451,赛季整合礼包0.99-40金币-赛季币,,赛季币直购礼包
gold_452,赛季整合礼包4.99-320金币-赛季币,,赛季币直购礼包
gold_453,赛季整合礼包9.99-600金币-赛季币,,赛季币直购礼包
gold_454,赛季整合礼包19.99-1200金币-赛季币,,赛季币直购礼包
gold_455,赛季整合礼包49.99-3200金币-赛季币,,赛季币直购礼包
gold_456,赛季整合礼包99.99-6600金币-赛季币,,赛季币直购礼包
gold_60006,倍率转盘-游戏币礼包1,,倍率转盘
gold_60007,倍率转盘-游戏币礼包2,,倍率转盘
gold_60008,倍率转盘-游戏币礼包3,,倍率转盘
gold_60009,倍率转盘-游戏币礼包4,,倍率转盘
gold_60010,倍率转盘-游戏币礼包5,,倍率转盘
gold_70021,3月限购礼包4-橙色国宝,,限购礼包
gold_70022,3月限购礼包5-招财猫皮肤,,限购礼包
gold_70023,3月限购礼包9-UR将魂,,限购礼包
gold_70024,新神威随机箱-橙色,,限购礼包
gold_70025,新神威自选箱-橙,,限购礼包
gold_70026,新神威随机箱-金色,,限购礼包
gold_70027,新神威自选箱-金,,限购礼包
gold_70028,限购礼包-赤玉-650日元,,限购礼包
gold_70029,限购礼包-锻造石-1200日元,,限购礼包
gold_70030,限购礼包-阵符-650日元,,限购礼包
gold_70031,限购礼包-阵灵-1200日元,,限购礼包
gold_70032,限购礼包-阵石随机箱（全）-2400日元,,限购礼包
gold_70033,限购礼包-阵石随机箱子（蓝-橙）-6000日元,,限购礼包
gold_70034,限购礼包-阵石随机箱子（紫-金）-11800日元,,限购礼包
gold_70035,限购礼包-阵符+阵灵-11800日元,,限购礼包
gold_70036,限购礼包-黄金城-2400日元,,限购礼包
gold_70037,限购礼包-UR将魂-1200日元,,限购礼包
gold_70038,限购礼包-将魂-6000日元,,限购礼包
gold_70039,限购礼包-玉刚-650日元,,限购礼包
gold_70040,限购礼包-橙色研习道具-650日元,,限购礼包
gold_70041,限购礼包-SSR+武将碎片（非赛）-650日元,,限购礼包
gold_70042,限购礼包-新国宝随机箱-11800日元,,限购礼包
gold_70043,限购礼包-新金色神威随机箱-11800日元,,限购礼包
gold_60011,金币赏-游戏币礼包1,,金币赏
gold_60012,金币赏-游戏币礼包2,,金币赏
gold_60013,金币赏-游戏币礼包3,,金币赏
gold_60014,金币赏-游戏币礼包4,,金币赏
gold_60015,金币赏-游戏币礼包5,,金币赏
gold_70044,限购礼包-黄金城（7天）-320日元,,限购礼包
gold_70045,限购礼包-橙色研习道具-650日元,,限购礼包
gold_70046,限购礼包-金色研习道具）-650日元,,限购礼包
gold_70047,限购礼包-国宝经验书-紫色-650日元,,限购礼包
gold_70048,限购礼包-玉刚-650日元,,限购礼包
gold_70049,限购礼包-战旗经验书-紫-1200日元,,限购礼包
gold_70050,限购礼包-黄金城（限时30天）-2400日元,,限购礼包
gold_70051,限购礼包-UR将魂-6000日元日元,,限购礼包
gold_70052,限购礼包-新国宝随机箱子-金色-11800日元,,限购礼包
gold_70053,限购礼包-黄金城（7天）-320日元,,限购礼包
gold_70054,限购礼包-金币随机箱（小）-320日元,,限购礼包
gold_70055,限购礼包-朱砂-650日元,,限购礼包
gold_70056,限购礼包-装裱框-650日元,,限购礼包
gold_70057,限购礼包-绿色刻刀-1200日元,,限购礼包
gold_70058,限购礼包-黄金城（限时30天）-2400日元,,限购礼包
gold_70059,限购礼包-朱砂&装裱框-2400日元,,限购礼包
gold_70060,限购礼包-绿色刻刀&蓝色刻刀-6000日元,,限购礼包
gold_70061,限购礼包-UR将魂-6000日元,,限购礼包
gold_70062,限购礼包-绿色刻刀&蓝色刻刀&紫色刻刀-11800日元,,限购礼包
gold_70063,限购礼包-朱砂&装裱框&玉钢-11800日元,,限购礼包
gold_80001,段位battlepass,,battlepass
gold_80002,资源月卡-9.99美元,,月卡
gold_80003,资源月卡-回流折扣-4.99美元,,月卡
gold_229,S31三之丸殿SSR+,,幸运屋
gold_60016,金币赏-游戏币礼包1-1,,金币赏
gold_60017,金币赏-游戏币礼包1-2,,金币赏
gold_60018,金币赏-游戏币礼包1-3,,金币赏
gold_60019,金币赏-游戏币礼包1-4,,金币赏
gold_60020,金币赏-游戏币礼包1-5,,金币赏
gold_70064,糖果屋（限时7天）,,限购礼包
gold_70065,黄金城（限时7天）,,限购礼包
gold_70066,SSR+武将碎片（非赛）,,限购礼包
gold_70067,橙色研习道具,,限购礼包
gold_70068,金色研习道具,,限购礼包
gold_70069,玉刚,,限购礼包
gold_70070,黄金城（限时30天）,,限购礼包
gold_70071,糖果屋（限时30天）,,限购礼包
gold_70072,新橙色国宝自选箱,,限购礼包
gold_70073,朱砂,,限购礼包
gold_70074,UR将魂,,限购礼包
gold_70075,新金色国宝随机箱,,限购礼包
gold_70076,金色装备自选箱子,,限购礼包
gold_100001,99.99-660珍珠,,珍珠
gold_100002,49.99-320珍珠,,珍珠
gold_100003,19.99-120珍珠,,珍珠
gold_100004,9.99-60珍珠,,珍珠
gold_100005,4.99-32珍珠,,珍珠
gold_100006,0.99-4珍珠,,珍珠
gold_200001,签到礼包1,,签到礼包
gold_200002,签到礼包2,,签到礼包
gold_200003,签到礼包3,,签到礼包
gold_70077,限时礼包-赤玉-650日元,,限购礼包
gold_70078,限时礼包-赛季橙色装备-6000日元,,限购礼包
gold_70079,限时礼包-UR将魂-1200日元,,限购礼包
gold_70080,限时礼包-新橙色国宝随机箱-2400日元,,限购礼包
gold_70081,限时礼包-新金色国宝随机箱-11800日元,,限购礼包
gold_70082,限时礼包-刻刀-11800日元,,限购礼包
gold_70083,限时礼包-朱砂+装裱框-11800日元,,限购礼包
gold_60021,金币赏-游戏币礼包2-1,,金币赏
gold_60022,金币赏-游戏币礼包2-2,,金币赏
gold_60023,金币赏-游戏币礼包2-3,,金币赏
gold_60024,金币赏-游戏币礼包2-4,,金币赏
gold_60025,金币赏-游戏币礼包2-5,,金币赏
gold_70084,限时礼包-糖果屋（限时7天）-320日元,,限购礼包
gold_70085,限时礼包-金币随机箱（小）-320日元,,限购礼包
gold_70086,限时礼包-朱砂-650日元,,限购礼包
gold_70087,限时礼包-装裱框-650日元,,限购礼包
gold_70088,限时礼包-橙色研习道具-1200日元,,限购礼包
gold_70089,限时礼包-绿色刻刀-1200日元,,限购礼包
gold_70090,限时礼包-糖果屋（限时30天）-2400日元,,限购礼包
gold_70091,限时礼包-新橙色国宝自选箱-2400日元,,限购礼包
gold_70092,限时礼包-UR将魂-6000日元,,限购礼包
gold_70093,限时礼包-朱砂-6000日元,,限购礼包
gold_70094,限时礼包-新金色国宝随机箱-11800日元,,限购礼包
gold_70095,限时礼包-朱砂-11800日元,,限购礼包
gold_70096,限时礼包-铁锭-2400日元,,限购礼包
gold_70097,限时礼包-铁锭-6000日元,,限购礼包
gold_70098,限时礼包-铁锭-11800日元,,限购礼包
gold_70099,限时礼包-650日元-金币+铁锭,,限购礼包
gold_70100,限时礼包-1200日元-金币+铁锭,,限购礼包
gold_70101,限时礼包-2400日元-金币+试金石,,限购礼包
gold_70102,限时礼包-6000日元-铁锭+试金石,,限购礼包
gold_70103,限时礼包-11800日元-金色装备自选箱+铁锭,,限购礼包
gold_70104,限时礼包-11800日元-金色装备自选箱+试金石,,限购礼包
gold_50059,每日礼包-养成11,,周期-日礼包
gold_50060,每日礼包-养成12,,周期-日礼包
gold_50061,每日礼包-养成13,,周期-日礼包
gold_50062,每日礼包-养成14,,周期-日礼包
gold_50063,每日礼包-养成15,,周期-日礼包
gold_50064,每日礼包-养成16,,周期-日礼包
gold_50065,周礼包-35,,周期-周礼包
gold_50066,周礼包-36,,周期-周礼包
gold_50067,周礼包-37,,周期-周礼包
gold_50068,周礼包-38,,周期-周礼包
gold_50069,周礼包-39,,周期-周礼包
gold_50070,周礼包-40,,周期-周礼包
gold_70105,限时礼包-黄金城（限时7天）-320日元,,限购礼包
gold_70106,限时礼包-金币随机箱（小）-320日元,,限购礼包
gold_70107,限时礼包-铁锭-650日元,,限购礼包
gold_70108,限时礼包-铁锭-1200日元,,限购礼包
gold_70109,限时礼包-黄金城（限时30天）-2400日元,,限购礼包
gold_70110,限时礼包-试金石-2400日元,,限购礼包
gold_70111,限时礼包-朱砂-6000日元,,限购礼包
gold_70112,限时礼包-新金色国宝随机箱-11800日元,,限购礼包
gold_70113,限时礼包-金色装备自选箱-11800日元,,限购礼包
gold_70114,限时礼包-金币随机箱（小）-320日元,,限购礼包
gold_70115,限时礼包-铁锭-650日元,,限购礼包
gold_70116,限时礼包-阵符+阵灵-1200日元,,限购礼包
gold_70117,限时礼包-蓝色刻刀-2400日元,,限购礼包
gold_70118,限时礼包-试金石-2400日元,,限购礼包
gold_70119,限时礼包-朱砂+蓝色刻刀-6000日元,,限购礼包
gold_70120,限时礼包-阵符+阵灵+阵石随机箱-11800日元,,限购礼包
gold_70121,限时礼包-新金色国宝随机箱-11800日元,,限购礼包
gold_70122,限时礼包-金色装备自选箱-11800日元,,限购礼包
gold_70123,限时礼包-I阶符文随机包-320日元,,限购礼包
gold_70124,限时礼包-铭刻道具自选箱-2400日元,,限购礼包
gold_70125,限时礼包-朱砂+蓝色刻刀-6000日元,,限购礼包
gold_70126,限时礼包-阵符+金色-橙色阵石随机箱-11800日元,,限购礼包
gold_300001,开运礼包1,,开运礼包
gold_300002,开运礼包2,,开运礼包
gold_300003,开运礼包3,,开运礼包
gold_300004,开运礼包4,,开运礼包
gold_300005,开运礼包5,,开运礼包
gold_300006,开运礼包6,,开运礼包
gold_90001,月度周储钱罐,,月度周储钱罐
2;660,660网页充值,,网页充值
2;3300,3300网页充值,,网页充值
gold_230,S32金森长近SSR+,,幸运屋
gold_70127,限时礼包-I阶符文随机包--320日元,,限购礼包
gold_70128,限时礼包-朱砂-650日元,,限购礼包
gold_70129,限时礼包-铁锭-1200日元,,限购礼包
gold_70130,限时礼包-蓝色刻刀-2400日元,,限购礼包
gold_70131,限时礼包-试金石-2400日元,,限购礼包
gold_70132,限时礼包-新金色国宝随机包+国宝升星道具-6000日元,,限购礼包
gold_70133,限时礼包-赤玉+四阶符文自选箱-6000日元,,限购礼包
gold_70134,限时礼包-雷精+UR将魂-11800日元,,限购礼包
gold_70135,限时礼包-金色装备自选箱+铁锭+试金石-11800日元,,限购礼包
2;1320,1320网页充值,,网页充值
2;60,60网页充值,,网页充值
gold_70136,限时礼包-非赛UR化境武将碎片自选箱-11800日元,,限购礼包
gold_70137,限时礼包-金色阵石+阵符-11800日元,,限购礼包
2;6600,6600网页充值,,网页充值
2;120,120网页充值,,网页充值
2;32,32网页充值,,网页充值
gold_70138,限时礼包+I阶符文随机包+320日元,,限购礼包
gold_70139,限时礼包+朱砂+650日元,,限购礼包
gold_70140,限时礼包+铁锭+1200日元,,限购礼包
gold_70141,限时礼包+试金石+2400日元,,限购礼包
gold_70142,限时礼包+朱砂+2400日元,,限购礼包
gold_70143,限时礼包+新金色国宝随机包+6000日元,,限购礼包
gold_70144,限时礼包+赛季橙色装备自选箱+6000日元,,限购礼包
gold_70145,限时礼包+雷精+11800日元,,限购礼包
gold_70146,限时礼包+金色装备自选箱+11800日元,,限购礼包
gold_70147,金森長近S32専属特典,,限购礼包
gold_70148,酒井忠次S32専属特典,,限购礼包
gold_70149,聖印V階選択箱特典,,限购礼包
gold_70150,陣石‐金（速度減少）特典,,限购礼包
gold_70151,銑鉄専属特典,,限购礼包
gold_70152,試金石専属特典,,限购礼包
gold_70153,限时礼包+金币+铭刻道具自选箱,,限购礼包
gold_70154,限时礼包+金币+铁锭,,限购礼包
gold_70155,限时礼包+金币+试金石,,限购礼包
gold_70156,限时礼包+金币+新速度金装随机箱+铁锭,,限购礼包
gold_70157,限时礼包+新速度金装随机箱+铁锭+试金石,,限购礼包
gold_70162,每日礼包,,周期-日礼包
gold_70164,每周礼包,,周期-周礼包
gold_70158,每日礼包,,周期-日礼包
gold_70159,每日礼包,,周期-日礼包
gold_70160,每日礼包,,周期-日礼包
gold_70161,每日礼包,,周期-日礼包
gold_70163,每日礼包,,周期-日礼包
gold_70165,每周礼包,,周期-周礼包
gold_70166,每周礼包,,周期-周礼包
gold_70167,每周礼包,,周期-周礼包
gold_70168,每周礼包,,周期-周礼包
gold_70169,每周礼包,,周期-周礼包
gold_70170,每周礼包,,周期-周礼包
gold_70171,每周礼包,,周期-周礼包
gold_70172,每周礼包,,周期-周礼包
gold_70173,每周礼包,,周期-周礼包
gold_70174,每周礼包,,周期-周礼包
gold_70175,每周礼包,,周期-周礼包
gold_70176,限定礼包-锻造石,,限购礼包
gold_70177,限定礼包-朱砂,,限购礼包
gold_70178,限定礼包-雷精,,限购礼包
gold_70179,限定礼包-铁锭,,限购礼包
gold_70180,限定礼包-新金色国宝随机包,,限购礼包
gold_70181,限定礼包-试金石,,限购礼包
gold_70182,限定礼包-新速度金装随机箱,,限购礼包
gold_70183,限定礼包-新速度金装随机箱,,限购礼包
gold_21001,团购礼包-1200日元,,团购礼包
gold_21002,团购礼包-2400日元,,团购礼包
gold_21003,团购礼包-6000日元,,团购礼包
gold_60026,神武锻造-购买档位1,,神武锻造
gold_60027,神武锻造-购买档位2,,神武锻造
gold_60028,神武锻造-购买档位3,,神武锻造
gold_60029,神武锻造-购买档位4,,神武锻造
gold_60030,神武锻造-购买档位5,,神武锻造
gold_70184,限时礼包=朱砂属特典,,限购礼包
gold_70185,限时礼包=彫刻刀専属特典,,限购礼包
gold_70186,限时礼包=銑鉄専属特典,,限购礼包
gold_70187,限时礼包=試金石専属特典,,限购礼包
gold_70188,限时礼包=聖印V階選択箱特典,,限购礼包
gold_70189,限时礼包=陣石‐金（速度低减）特典,,限购礼包
gold_70190,限时礼包=機動系金装備特典,,限购礼包
gold_90002,月度活跃-battlepass中级,,月度活动
gold_90003,月度活跃-battlepass高级,,月度活动
gold_70191,限时礼包=圣诞金币随机包·小,,限购礼包
gold_70192,限时礼包=朱砂,,限购礼包
gold_70193,限时礼包=铁锭（装备饰品和改造道具）,,限购礼包
gold_70194,限时礼包=SSR+将魂,,限购礼包
gold_70195,限时礼包=UR将魂,,限购礼包
gold_70196,限时礼包=雷精,,限购礼包
gold_70197,限时礼包=金币+新金色国宝随机包+国宝升星道具,,限购礼包
gold_70198,限时礼包=新金色国宝随机包+国宝升星道具+紫经验国宝,,限购礼包
gold_70199,限时礼包=速度金色装备自选宝箱+铁锭（装备饰品和改造道具）+试金石,,限购礼包
