item_id,item_name,gold_value,system,sub_system,item_type
110001,钻石,,货币,金币,once
110002,金币,,货币,珍珠,once
110003,体力,,体力,通用资源,once
110004,角色经验,,角色升级经验,排位赛,once
120001,枪械经验,,枪械,排位赛,once
130001,强力飞臂升级材料,,核心技能,排位赛,once
130002,水冰弹升级材料,,核心技能,排位赛,once
130003,致命穿刺升级材料,,核心技能,排位赛,once
130004,超级气功升级材料,,核心技能,角色,once
130005,激情射线升级材料,,核心技能,角色,once
130006,金甲战车升级材料,,核心技能,排位赛,once
140001,装备升品材料,,装备,排位赛,once
140002,宝石洗练材料,,宝石,武将天赋,once
151001,头盔强化材料,,装备,副本,once
152001,护臂强化材料,,装备,充值,once
153001,衣服强化材料,,装备,充值,once
154001,裤子强化材料,,装备,排位赛,once
155001,鞋子强化材料,,装备,练兵,once
156001,手套强化材料,,装备,排位赛,once
160001,每日活动日积分,,活动,排位赛,once
160002,每日活动周积分,,活动,排位赛,once
160003,七日活动积分,,活动,排位赛,once
131001,通用技能材料,,核心技能,政务活动,once
131002,技能掉落-一本,,核心技能,神砂,once
210001,装备概率掉落,,,碎片商店,once
212001,挂机装备概率掉落,,,神兵出世,once
210002,关卡结算装备保底,,,武将升星,once
210003,关卡结算宝石保底,,,家族,once
210004,材料概率掉落,,,家族,once
210005,宝石概率掉落,,,活动战,once
210006,技能保底掉落,,,练兵,once
210007,枪械科技保底掉落,,,赛季通行证,once
210008,装备强化图纸,,装备,家族,once
2001001,运营白色宝石随机箱,,宝石,周年通行证,once
2001002,运营紫色宝石随机箱,,宝石,珍珠,once
2001003,运营橙色宝石随机箱,,宝石,武将,forever
2002001,运营蓝色装备套,,装备,武将,forever
2002002,运营紫色装备套,,装备,武将,forever
2002003,运营蓝色随机装备,,装备,武将,forever
2002004,运营紫色随机装备,,装备,武将,forever
3001001,通用技能掉落（1个）,,,武将,forever
3001002,通用装备图纸掉落（1个）,,,武将,forever
3001003,通用装备掉落（1个）,,,武将,forever
5001001,每波掉落,,,武将,forever
300001,军团经验,,,武将,forever
40101001,白色1阶头盔,,装备,武将,forever
40101002,绿色1阶头盔,,装备,武将,forever
40101003,绿色1阶头盔,,装备,武将,forever
40101004,绿色1阶头盔,,装备,武将,forever
40101005,蓝色1阶头盔,,装备,武将,forever
40101006,蓝色1阶头盔,,装备,武将,forever
40101007,蓝色1阶头盔,,装备,武将,forever
40101008,紫色1阶头盔,,装备,武将,forever
40101009,紫色1阶头盔,,装备,武将,forever
40101010,紫色1阶头盔,,装备,武将,forever
40101011,橙色1阶头盔,,装备,武将,forever
40101012,橙色1阶头盔,,装备,武将,forever
40101013,橙色1阶头盔,,装备,武将,forever
40101014,红色1阶头盔,,装备,武将,forever
40101015,红色1阶头盔,,装备,武将,forever
40101016,红色1阶头盔,,装备,武将,forever
40101017,彩色1阶头盔,,装备,武将,forever
40101018,彩色1阶头盔,,装备,武将,forever
40101019,彩色1阶头盔,,装备,武将,forever
40102001,白色1阶护臂,,装备,武将,forever
40102002,绿色1阶护臂,,装备,武将,forever
40102003,绿色1阶护臂,,装备,武将,forever
40102004,绿色1阶护臂,,装备,武将,forever
40102005,蓝色1阶护臂,,装备,武将,forever
40102006,蓝色1阶护臂,,装备,武将,forever
40102007,蓝色1阶护臂,,装备,武将,forever
40102008,紫色1阶护臂,,装备,武将,forever
40102009,紫色1阶护臂,,装备,武将,forever
40102010,紫色1阶护臂,,装备,武将,forever
40102011,橙色1阶护臂,,装备,武将,forever
40102012,橙色1阶护臂,,装备,武将,forever
40102013,橙色1阶护臂,,装备,武将,forever
40102014,红色1阶护臂,,装备,武将,forever
40102015,红色1阶护臂,,装备,武将,forever
40102016,红色1阶护臂,,装备,武将,forever
40102017,彩色1阶护臂,,装备,武将,forever
40102018,彩色1阶护臂,,装备,武将,forever
40102019,彩色1阶护臂,,装备,武将,forever
40103001,白色1阶衣服,,装备,武将,forever
40103002,绿色1阶衣服,,装备,武将,forever
40103003,绿色1阶衣服,,装备,武将,forever
40103004,绿色1阶衣服,,装备,武将,forever
40103005,蓝色1阶衣服,,装备,武将,forever
40103006,蓝色1阶衣服,,装备,武将,forever
40103007,蓝色1阶衣服,,装备,武将,forever
40103008,紫色1阶衣服,,装备,武将,forever
40103009,紫色1阶衣服,,装备,武将,forever
40103010,紫色1阶衣服,,装备,武将,forever
40103011,橙色1阶衣服,,装备,武将,forever
40103012,橙色1阶衣服,,装备,武将,forever
40103013,橙色1阶衣服,,装备,武将,forever
40103014,红色1阶衣服,,装备,武将,forever
40103015,红色1阶衣服,,装备,武将,forever
40103016,红色1阶衣服,,装备,武将,forever
40103017,彩色1阶衣服,,装备,武将,forever
40103018,彩色1阶衣服,,装备,武将,forever
40103019,彩色1阶衣服,,装备,武将,forever
40104001,白色1阶裤子,,装备,武将,forever
40104002,绿色1阶裤子,,装备,武将,forever
40104003,绿色1阶裤子,,装备,武将,forever
40104004,绿色1阶裤子,,装备,武将,forever
40104005,蓝色1阶裤子,,装备,武将,forever
40104006,蓝色1阶裤子,,装备,武将,forever
40104007,蓝色1阶裤子,,装备,武将,forever
40104008,紫色1阶裤子,,装备,武将,forever
40104009,紫色1阶裤子,,装备,武将,forever
40104010,紫色1阶裤子,,装备,武将,forever
40104011,橙色1阶裤子,,装备,武将,forever
40104012,橙色1阶裤子,,装备,武将,forever
40104013,橙色1阶裤子,,装备,武将,forever
40104014,红色1阶裤子,,装备,武将,forever
40104015,红色1阶裤子,,装备,武将,forever
40104016,红色1阶裤子,,装备,武将,forever
40104017,彩色1阶裤子,,装备,武将,forever
40104018,彩色1阶裤子,,装备,武将,forever
40104019,彩色1阶裤子,,装备,武将,forever
40105001,白色1阶鞋子,,装备,武将,forever
40105002,绿色1阶鞋子,,装备,武将,forever
40105003,绿色1阶鞋子,,装备,武将,forever
40105004,绿色1阶鞋子,,装备,武将,forever
40105005,蓝色1阶鞋子,,装备,武将,forever
40105006,蓝色1阶鞋子,,装备,武将,forever
40105007,蓝色1阶鞋子,,装备,武将,forever
40105008,紫色1阶鞋子,,装备,武将,forever
40105009,紫色1阶鞋子,,装备,武将,forever
40105010,紫色1阶鞋子,,装备,武将,forever
40105011,橙色1阶鞋子,,装备,武将,forever
40105012,橙色1阶鞋子,,装备,武将,forever
40105013,橙色1阶鞋子,,装备,武将,forever
40105014,红色1阶鞋子,,装备,武将,forever
40105015,红色1阶鞋子,,装备,武将,forever
40105016,红色1阶鞋子,,装备,武将,forever
40105017,彩色1阶鞋子,,装备,武将,forever
40105018,彩色1阶鞋子,,装备,武将,forever
40105019,彩色1阶鞋子,,装备,武将,forever
40106001,白色1阶手套,,装备,武将,forever
40106002,绿色1阶手套,,装备,武将,forever
40106003,绿色1阶手套,,装备,武将,forever
40106004,绿色1阶手套,,装备,武将,forever
40106005,蓝色1阶手套,,装备,武将,forever
40106006,蓝色1阶手套,,装备,武将,forever
40106007,蓝色1阶手套,,装备,武将,forever
40106008,紫色1阶手套,,装备,武将,forever
40106009,紫色1阶手套,,装备,武将,forever
40106010,紫色1阶手套,,装备,武将,forever
40106011,橙色1阶手套,,装备,武将,forever
40106012,橙色1阶手套,,装备,武将,forever
40106013,橙色1阶手套,,装备,武将,forever
40106014,红色1阶手套,,装备,武将,forever
40106015,红色1阶手套,,装备,武将,forever
40106016,红色1阶手套,,装备,武将,forever
40106017,彩色1阶手套,,装备,武将,forever
40106018,彩色1阶手套,,装备,武将,forever
40106019,彩色1阶手套,,装备,武将,forever
40201001,白色2阶头盔,,装备,武将,forever
40201002,绿色2阶头盔,,装备,武将,forever
40201003,绿色2阶头盔,,装备,武将,forever
40201004,绿色2阶头盔,,装备,武将,forever
40201005,蓝色2阶头盔,,装备,武将,forever
40201006,蓝色2阶头盔,,装备,武将,forever
40201007,蓝色2阶头盔,,装备,武将,forever
40201008,紫色2阶头盔,,装备,武将,forever
40201009,紫色2阶头盔,,装备,武将,forever
40201010,紫色2阶头盔,,装备,武将,forever
40201011,橙色2阶头盔,,装备,武将,forever
40201012,橙色2阶头盔,,装备,武将,forever
40201013,橙色2阶头盔,,装备,武将,forever
40201014,红色2阶头盔,,装备,武将,forever
40201015,红色2阶头盔,,装备,武将,forever
40201016,红色2阶头盔,,装备,武将,forever
40201017,彩色2阶头盔,,装备,武将,forever
40201018,彩色2阶头盔,,装备,武将,forever
40201019,彩色2阶头盔,,装备,武将,forever
40202001,白色2阶护臂,,装备,武将,forever
40202002,绿色2阶护臂,,装备,武将,forever
40202003,绿色2阶护臂,,装备,武将,forever
40202004,绿色2阶护臂,,装备,武将,forever
40202005,蓝色2阶护臂,,装备,武将,forever
40202006,蓝色2阶护臂,,装备,武将,forever
40202007,蓝色2阶护臂,,装备,武将,forever
40202008,紫色2阶护臂,,装备,武将,forever
40202009,紫色2阶护臂,,装备,武将,forever
40202010,紫色2阶护臂,,装备,武将,forever
40202011,橙色2阶护臂,,装备,武将,forever
40202012,橙色2阶护臂,,装备,武将,forever
40202013,橙色2阶护臂,,装备,武将,forever
40202014,红色2阶护臂,,装备,武将,forever
40202015,红色2阶护臂,,装备,武将,forever
40202016,红色2阶护臂,,装备,武将,forever
40202017,彩色2阶护臂,,装备,武将,forever
40202018,彩色2阶护臂,,装备,武将,forever
40202019,彩色2阶护臂,,装备,武将,forever
40203001,白色2阶衣服,,装备,武将,forever
40203002,绿色2阶衣服,,装备,武将,forever
40203003,绿色2阶衣服,,装备,武将,forever
40203004,绿色2阶衣服,,装备,武将,forever
40203005,蓝色2阶衣服,,装备,武将,forever
40203006,蓝色2阶衣服,,装备,武将,forever
40203007,蓝色2阶衣服,,装备,武将,forever
40203008,紫色2阶衣服,,装备,武将,forever
40203009,紫色2阶衣服,,装备,武将,forever
40203010,紫色2阶衣服,,装备,武将,forever
40203011,橙色2阶衣服,,装备,武将,forever
40203012,橙色2阶衣服,,装备,武将,forever
40203013,橙色2阶衣服,,装备,武将,forever
40203014,红色2阶衣服,,装备,武将,forever
40203015,红色2阶衣服,,装备,武将,forever
40203016,红色2阶衣服,,装备,武将,forever
40203017,彩色2阶衣服,,装备,武将,forever
40203018,彩色2阶衣服,,装备,武将,forever
40203019,彩色2阶衣服,,装备,武将,forever
40204001,白色2阶裤子,,装备,武将,forever
40204002,绿色2阶裤子,,装备,武将,forever
40204003,绿色2阶裤子,,装备,武将,forever
40204004,绿色2阶裤子,,装备,武将,forever
40204005,蓝色2阶裤子,,装备,武将,forever
40204006,蓝色2阶裤子,,装备,武将,forever
40204007,蓝色2阶裤子,,装备,武将,forever
40204008,紫色2阶裤子,,装备,武将,forever
40204009,紫色2阶裤子,,装备,武将,forever
40204010,紫色2阶裤子,,装备,武将,forever
40204011,橙色2阶裤子,,装备,武将,forever
40204012,橙色2阶裤子,,装备,武将,forever
40204013,橙色2阶裤子,,装备,武将,forever
40204014,红色2阶裤子,,装备,武将,forever
40204015,红色2阶裤子,,装备,武将,forever
40204016,红色2阶裤子,,装备,武将,forever
40204017,彩色2阶裤子,,装备,武将,forever
40204018,彩色2阶裤子,,装备,武将,forever
40204019,彩色2阶裤子,,装备,武将,forever
40205001,白色2阶鞋子,,装备,武将,forever
40205002,绿色2阶鞋子,,装备,武将,forever
40205003,绿色2阶鞋子,,装备,武将,forever
40205004,绿色2阶鞋子,,装备,武将,forever
40205005,蓝色2阶鞋子,,装备,武将,forever
40205006,蓝色2阶鞋子,,装备,武将,forever
40205007,蓝色2阶鞋子,,装备,武将,forever
40205008,紫色2阶鞋子,,装备,武将,forever
40205009,紫色2阶鞋子,,装备,武将,forever
40205010,紫色2阶鞋子,,装备,武将,forever
40205011,橙色2阶鞋子,,装备,武将,forever
40205012,橙色2阶鞋子,,装备,武将,forever
40205013,橙色2阶鞋子,,装备,武将,forever
40205014,红色2阶鞋子,,装备,武将,forever
40205015,红色2阶鞋子,,装备,武将,forever
40205016,红色2阶鞋子,,装备,武将,forever
40205017,彩色2阶鞋子,,装备,武将,forever
40205018,彩色2阶鞋子,,装备,武将,forever
40205019,彩色2阶鞋子,,装备,武将,forever
40206001,白色2阶手套,,装备,武将,forever
40206002,绿色2阶手套,,装备,武将,forever
40206003,绿色2阶手套,,装备,武将,forever
40206004,绿色2阶手套,,装备,武将,forever
40206005,蓝色2阶手套,,装备,武将,forever
40206006,蓝色2阶手套,,装备,武将,forever
40206007,蓝色2阶手套,,装备,武将,forever
40206008,紫色2阶手套,,装备,武将,forever
40206009,紫色2阶手套,,装备,武将,forever
40206010,紫色2阶手套,,装备,武将,forever
40206011,橙色2阶手套,,装备,武将,forever
40206012,橙色2阶手套,,装备,武将,forever
40206013,橙色2阶手套,,装备,武将,forever
40206014,红色2阶手套,,装备,武将,forever
40206015,红色2阶手套,,装备,武将,forever
40206016,红色2阶手套,,装备,武将,forever
40206017,彩色2阶手套,,装备,武将,forever
40206018,彩色2阶手套,,装备,武将,forever
40206019,彩色2阶手套,,装备,武将,forever
40301001,白色3阶头盔,,装备,武将,forever
40301002,绿色3阶头盔,,装备,武将,forever
40301003,绿色3阶头盔,,装备,武将,forever
40301004,绿色3阶头盔,,装备,武将,forever
40301005,蓝色3阶头盔,,装备,武将,forever
40301006,蓝色3阶头盔,,装备,武将,forever
40301007,蓝色3阶头盔,,装备,武将,forever
40301008,紫色3阶头盔,,装备,武将,forever
40301009,紫色3阶头盔,,装备,武将,forever
40301010,紫色3阶头盔,,装备,武将,forever
40301011,橙色3阶头盔,,装备,武将,forever
40301012,橙色3阶头盔,,装备,武将,forever
40301013,橙色3阶头盔,,装备,武将,forever
40301014,红色3阶头盔,,装备,武将,forever
40301015,红色3阶头盔,,装备,武将,forever
40301016,红色3阶头盔,,装备,武将,forever
40301017,彩色3阶头盔,,装备,武将,forever
40301018,彩色3阶头盔,,装备,武将,forever
40301019,彩色3阶头盔,,装备,武将,forever
40302001,白色3阶护臂,,装备,武将,forever
40302002,绿色3阶护臂,,装备,武将,forever
40302003,绿色3阶护臂,,装备,武将,forever
40302004,绿色3阶护臂,,装备,武将,forever
40302005,蓝色3阶护臂,,装备,武将,forever
40302006,蓝色3阶护臂,,装备,武将,forever
40302007,蓝色3阶护臂,,装备,武将,forever
40302008,紫色3阶护臂,,装备,武将,forever
40302009,紫色3阶护臂,,装备,武将,forever
40302010,紫色3阶护臂,,装备,武将,forever
40302011,橙色3阶护臂,,装备,武将,forever
40302012,橙色3阶护臂,,装备,武将,forever
40302013,橙色3阶护臂,,装备,武将,forever
40302014,红色3阶护臂,,装备,武将,forever
40302015,红色3阶护臂,,装备,武将,forever
40302016,红色3阶护臂,,装备,武将,forever
40302017,彩色3阶护臂,,装备,武将,forever
40302018,彩色3阶护臂,,装备,武将,forever
40302019,彩色3阶护臂,,装备,武将,forever
40303001,白色3阶衣服,,装备,武将,forever
40303002,绿色3阶衣服,,装备,武将,forever
40303003,绿色3阶衣服,,装备,武将,
40303004,绿色3阶衣服,,装备,武将,
40303005,蓝色3阶衣服,,装备,武将,
40303006,蓝色3阶衣服,,装备,武将,
40303007,蓝色3阶衣服,,装备,武将,
40303008,紫色3阶衣服,,装备,武将,
40303009,紫色3阶衣服,,装备,计策,once
40303010,紫色3阶衣服,,装备,计策,once
40303011,橙色3阶衣服,,装备,计策,once
40303012,橙色3阶衣服,,装备,无效,once
40303013,橙色3阶衣服,,装备,无效,once
40303014,红色3阶衣服,,装备,无效,once
40303015,红色3阶衣服,,装备,无效,once
40303016,红色3阶衣服,,装备,无效,once
40303017,彩色3阶衣服,,装备,无效,once
40303018,彩色3阶衣服,,装备,武将招募,once
40303019,彩色3阶衣服,,装备,计策,once
40304001,白色3阶裤子,,装备,计策,once
40304002,绿色3阶裤子,,装备,计策,once
40304003,绿色3阶裤子,,装备,无效,once
40304004,绿色3阶裤子,,装备,无效,once
40304005,蓝色3阶裤子,,装备,通用资源,once
40304006,蓝色3阶裤子,,装备,通用资源,once
40304007,蓝色3阶裤子,,装备,通用资源,once
40304008,紫色3阶裤子,,装备,通用资源,once
40304009,紫色3阶裤子,,装备,无效,once
40304010,紫色3阶裤子,,装备,计策,once
40304011,橙色3阶裤子,,装备,通用资源,once
40304012,橙色3阶裤子,,装备,无效,once
40304013,橙色3阶裤子,,装备,武将碎片,once
40304014,红色3阶裤子,,装备,武将升级,once
40304015,红色3阶裤子,,装备,武将升级,once
40304016,红色3阶裤子,,装备,武将升级,once
40304017,彩色3阶裤子,,装备,武将升级,once
40304018,彩色3阶裤子,,装备,武将天赋,once
40304019,彩色3阶裤子,,装备,升级突破,once
40305001,白色3阶鞋子,,装备,升级突破,once
40305002,绿色3阶鞋子,,装备,通用资源,once
40305003,绿色3阶鞋子,,装备,通用资源,once
40305004,绿色3阶鞋子,,装备,装备,once
40305005,蓝色3阶鞋子,,装备,装备,once
40305006,蓝色3阶鞋子,,装备,装备,once
40305007,蓝色3阶鞋子,,装备,装备,once
40305008,紫色3阶鞋子,,装备,装备,once
40305009,紫色3阶鞋子,,装备,武将突破,once
40305010,紫色3阶鞋子,,装备,武将突破,once
40305011,橙色3阶鞋子,,装备,武将突破,once
40305012,橙色3阶鞋子,,装备,武将突破,once
40305013,橙色3阶鞋子,,装备,武将突破,once
40305014,红色3阶鞋子,,装备,武将招募,once
40305015,红色3阶鞋子,,装备,武将碎片,once
40305016,红色3阶鞋子,,装备,通用资源,once
40305017,彩色3阶鞋子,,装备,无效,once
40305018,彩色3阶鞋子,,装备,通用资源,once
40305019,彩色3阶鞋子,,装备,无效,once
40306001,白色3阶手套,,装备,无效,once
40306002,绿色3阶手套,,装备,无效,once
40306003,绿色3阶手套,,装备,无效,once
40306004,绿色3阶手套,,装备,无效,once
40306005,蓝色3阶手套,,装备,无效,once
40306006,蓝色3阶手套,,装备,装备,once
40306007,蓝色3阶手套,,装备,装备,once
40306008,紫色3阶手套,,装备,装备,once
40306009,紫色3阶手套,,装备,装备,once
40306010,紫色3阶手套,,装备,装备,once
40306011,橙色3阶手套,,装备,角色,once
40306012,橙色3阶手套,,装备,未知,once
40306013,橙色3阶手套,,装备,未知,once
40306014,红色3阶手套,,装备,未知,once
40306015,红色3阶手套,,装备,未知,once
40306016,红色3阶手套,,装备,未知,once
40306017,彩色3阶手套,,装备,未知,once
40306018,彩色3阶手套,,装备,无效,once
40306019,彩色3阶手套,,装备,无效,once
40401001,白色4阶头盔,,装备,无效,once
40401002,绿色4阶头盔,,装备,无效,once
40401003,绿色4阶头盔,,装备,无效,once
40401004,绿色4阶头盔,,装备,召唤卡,once
40401005,蓝色4阶头盔,,装备,召唤卡,once
40401006,蓝色4阶头盔,,装备,幸运转盘,once
40401007,蓝色4阶头盔,,装备,装备招募,once
40401008,紫色4阶头盔,,装备,排位赛,once
40401009,紫色4阶头盔,,装备,排位赛,once
40401010,紫色4阶头盔,,装备,未知,once
40401011,橙色4阶头盔,,装备,召唤卡,once
40401012,橙色4阶头盔,,装备,排位赛,once
40401013,橙色4阶头盔,,装备,排位赛,once
40401014,红色4阶头盔,,装备,排位赛,once
40401015,红色4阶头盔,,装备,排位赛,once
40401016,红色4阶头盔,,装备,角色,once
40401017,彩色4阶头盔,,装备,角色,once
40401018,彩色4阶头盔,,装备,角色,once
40401019,彩色4阶头盔,,装备,角色,once
40402001,白色4阶护臂,,装备,角色,once
40402002,绿色4阶护臂,,装备,角色,once
40402003,绿色4阶护臂,,装备,角色,once
40402004,绿色4阶护臂,,装备,角色,once
40402005,蓝色4阶护臂,,装备,角色,once
40402006,蓝色4阶护臂,,装备,角色,once
40402007,蓝色4阶护臂,,装备,武将碎片,once
40402008,紫色4阶护臂,,装备,武将碎片,once
40402009,紫色4阶护臂,,装备,武将碎片,once
40402010,紫色4阶护臂,,装备,未知,once
40402011,橙色4阶护臂,,装备,圣诞,once
40402012,橙色4阶护臂,,装备,圣诞,once
40402013,橙色4阶护臂,,装备,武将碎片,once
40402014,红色4阶护臂,,装备,元旦福袋,once
40402015,红色4阶护臂,,装备,神将祈愿,once
40402016,红色4阶护臂,,装备,神将祈愿,once
40402017,彩色4阶护臂,,装备,武将碎片,once
40402018,彩色4阶护臂,,装备,武将,forever
40402019,彩色4阶护臂,,装备,武将,forever
40403001,白色4阶衣服,,装备,政务活动,once
40403002,绿色4阶衣服,,装备,政务活动,once
40403003,绿色4阶衣服,,装备,政务活动,once
40403004,绿色4阶衣服,,装备,情人节,once
40403005,蓝色4阶衣服,,装备,情人节,once
40403006,蓝色4阶衣服,,装备,武将碎片,once
40403007,蓝色4阶衣服,,装备,武将碎片,once
40403008,紫色4阶衣服,,装备,神威招募,once
40403009,紫色4阶衣服,,装备,神威,once
40403010,紫色4阶衣服,,装备,神威,once
40403011,橙色4阶衣服,,装备,神威,once
40403012,橙色4阶衣服,,装备,神威,once
40403013,橙色4阶衣服,,装备,神威,once
40403014,红色4阶衣服,,装备,神威,once
40403015,红色4阶衣服,,装备,神威,once
40403016,红色4阶衣服,,装备,神威,once
40403017,彩色4阶衣服,,装备,神威,once
40403018,彩色4阶衣服,,装备,神威,once
40403019,彩色4阶衣服,,装备,神威,once
40404001,白色4阶裤子,,装备,神威,once
40404002,绿色4阶裤子,,装备,神威,once
40404003,绿色4阶裤子,,装备,神威,once
40404004,绿色4阶裤子,,装备,神威,once
40404005,蓝色4阶裤子,,装备,神威,once
40404006,蓝色4阶裤子,,装备,神威,once
40404007,蓝色4阶裤子,,装备,神威,once
40404008,紫色4阶裤子,,装备,神威,once
40404009,紫色4阶裤子,,装备,神威,once
40404010,紫色4阶裤子,,装备,神威,once
40404011,橙色4阶裤子,,装备,神威,once
40404012,橙色4阶裤子,,装备,神威,once
40404013,橙色4阶裤子,,装备,神威,once
40404014,红色4阶裤子,,装备,神威,once
40404015,红色4阶裤子,,装备,神威,once
40404016,红色4阶裤子,,装备,神威,once
40404017,彩色4阶裤子,,装备,神威,once
40404018,彩色4阶裤子,,装备,神威,once
40404019,彩色4阶裤子,,装备,神威,once
40405001,白色4阶鞋子,,装备,神威,once
40405002,绿色4阶鞋子,,装备,神威,once
40405003,绿色4阶鞋子,,装备,神威,once
40405004,绿色4阶鞋子,,装备,神威,once
40405005,蓝色4阶鞋子,,装备,神威,once
40405006,蓝色4阶鞋子,,装备,神威,once
40405007,蓝色4阶鞋子,,装备,神威,once
40405008,紫色4阶鞋子,,装备,神威,once
40405009,紫色4阶鞋子,,装备,神威,once
40405010,紫色4阶鞋子,,装备,神威,once
40405011,橙色4阶鞋子,,装备,神威,once
40405012,橙色4阶鞋子,,装备,神威,once
40405013,橙色4阶鞋子,,装备,神威,once
40405014,红色4阶鞋子,,装备,神威,once
40405015,红色4阶鞋子,,装备,神威,once
40405016,红色4阶鞋子,,装备,神威,once
40405017,彩色4阶鞋子,,装备,神威,once
40405018,彩色4阶鞋子,,装备,神威,once
40405019,彩色4阶鞋子,,装备,神威,once
40406001,白色4阶手套,,装备,神威,once
40406002,绿色4阶手套,,装备,神威,once
40406003,绿色4阶手套,,装备,神威,once
40406004,绿色4阶手套,,装备,神威,once
40406005,蓝色4阶手套,,装备,神威,once
40406006,蓝色4阶手套,,装备,神威,once
40406007,蓝色4阶手套,,装备,神威,once
40406008,紫色4阶手套,,装备,神威,once
40406009,紫色4阶手套,,装备,神威,once
40406010,紫色4阶手套,,装备,神威,once
40406011,橙色4阶手套,,装备,神威,once
40406012,橙色4阶手套,,装备,神威,once
40406013,橙色4阶手套,,装备,神威,once
40406014,红色4阶手套,,装备,神威,once
40406015,红色4阶手套,,装备,神威,once
40406016,红色4阶手套,,装备,神威,once
40406017,彩色4阶手套,,装备,神威,once
40406018,彩色4阶手套,,装备,神威,once
40406019,彩色4阶手套,,装备,神威,once
40501001,白色5阶头盔,,装备,神威,once
40501002,绿色5阶头盔,,装备,神威,once
40501003,绿色5阶头盔,,装备,神威,once
40501004,绿色5阶头盔,,装备,神威,once
40501005,蓝色5阶头盔,,装备,神威,once
40501006,蓝色5阶头盔,,装备,神威,once
40501007,蓝色5阶头盔,,装备,神威,once
40501008,紫色5阶头盔,,装备,神威,once
40501009,紫色5阶头盔,,装备,神威,once
40501010,紫色5阶头盔,,装备,神威,once
40501011,橙色5阶头盔,,装备,神威,once
40501012,橙色5阶头盔,,装备,神威,once
40501013,橙色5阶头盔,,装备,神威,once
40501014,红色5阶头盔,,装备,神威,once
40501015,红色5阶头盔,,装备,神威,once
40501016,红色5阶头盔,,装备,神威,once
40501017,彩色5阶头盔,,装备,神威,once
40501018,彩色5阶头盔,,装备,神威,once
40501019,彩色5阶头盔,,装备,神威,once
40502001,白色5阶护臂,,装备,神威,once
40502002,绿色5阶护臂,,装备,神威,once
40502003,绿色5阶护臂,,装备,神威,once
40502004,绿色5阶护臂,,装备,神威,once
40502005,蓝色5阶护臂,,装备,神威,once
40502006,蓝色5阶护臂,,装备,神威,once
40502007,蓝色5阶护臂,,装备,神威,once
40502008,紫色5阶护臂,,装备,神威,once
40502009,紫色5阶护臂,,装备,神威,once
40502010,紫色5阶护臂,,装备,神威,once
40502011,橙色5阶护臂,,装备,神威,once
40502012,橙色5阶护臂,,装备,神威,once
40502013,橙色5阶护臂,,装备,神威,once
40502014,红色5阶护臂,,装备,神威,once
40502015,红色5阶护臂,,装备,神威,once
40502016,红色5阶护臂,,装备,神威,once
40502017,彩色5阶护臂,,装备,神威,once
40502018,彩色5阶护臂,,装备,神威,once
40502019,彩色5阶护臂,,装备,神威,once
40503001,白色5阶衣服,,装备,神威,once
40503002,绿色5阶衣服,,装备,神威,once
40503003,绿色5阶衣服,,装备,神威,once
40503004,绿色5阶衣服,,装备,神威,once
40503005,蓝色5阶衣服,,装备,神威,once
40503006,蓝色5阶衣服,,装备,神威,once
40503007,蓝色5阶衣服,,装备,神威,once
40503008,紫色5阶衣服,,装备,神威,once
40503009,紫色5阶衣服,,装备,神威,once
40503010,紫色5阶衣服,,装备,神威,once
40503011,橙色5阶衣服,,装备,神威,once
40503012,橙色5阶衣服,,装备,神威,once
40503013,橙色5阶衣服,,装备,神威,once
40503014,红色5阶衣服,,装备,神威,once
40503015,红色5阶衣服,,装备,神威,once
40503016,红色5阶衣服,,装备,神威,once
40503017,彩色5阶衣服,,装备,神威,once
40503018,彩色5阶衣服,,装备,神威,once
40503019,彩色5阶衣服,,装备,神威,once
40504001,白色5阶裤子,,装备,神威,once
40504002,绿色5阶裤子,,装备,神威,once
40504003,绿色5阶裤子,,装备,神威,once
40504004,绿色5阶裤子,,装备,神威,once
40504005,蓝色5阶裤子,,装备,神威,once
40504006,蓝色5阶裤子,,装备,神威,once
40504007,蓝色5阶裤子,,装备,神威,once
40504008,紫色5阶裤子,,装备,神威,once
40504009,紫色5阶裤子,,装备,神威,once
40504010,紫色5阶裤子,,装备,神威,once
40504011,橙色5阶裤子,,装备,神威,once
40504012,橙色5阶裤子,,装备,神威,once
40504013,橙色5阶裤子,,装备,神威,once
40504014,红色5阶裤子,,装备,神威,once
40504015,红色5阶裤子,,装备,神威,once
40504016,红色5阶裤子,,装备,神威,once
40504017,彩色5阶裤子,,装备,神威,once
40504018,彩色5阶裤子,,装备,神威,once
40504019,彩色5阶裤子,,装备,神威,once
40505001,白色5阶鞋子,,装备,神威,once
40505002,绿色5阶鞋子,,装备,神威,once
40505003,绿色5阶鞋子,,装备,神威,once
40505004,绿色5阶鞋子,,装备,神威,once
40505005,蓝色5阶鞋子,,装备,神威,once
40505006,蓝色5阶鞋子,,装备,神威,once
40505007,蓝色5阶鞋子,,装备,神威,once
40505008,紫色5阶鞋子,,装备,神威,once
40505009,紫色5阶鞋子,,装备,神威,once
40505010,紫色5阶鞋子,,装备,神威,once
40505011,橙色5阶鞋子,,装备,神威,once
40505012,橙色5阶鞋子,,装备,神威,once
40505013,橙色5阶鞋子,,装备,神威,once
40505014,红色5阶鞋子,,装备,神威,once
40505015,红色5阶鞋子,,装备,神威,once
40505016,红色5阶鞋子,,装备,神威,once
40505017,彩色5阶鞋子,,装备,神威,once
40505018,彩色5阶鞋子,,装备,神威,once
40505019,彩色5阶鞋子,,装备,神威,once
40506001,白色5阶手套,,装备,神威,once
40506002,绿色5阶手套,,装备,神威,once
40506003,绿色5阶手套,,装备,达摩,once
40506004,绿色5阶手套,,装备,排位赛,once
40506005,蓝色5阶手套,,装备,排位赛,once
40506006,蓝色5阶手套,,装备,排位赛,once
40506007,蓝色5阶手套,,装备,排位赛,once
40506008,紫色5阶手套,,装备,排位赛,once
40506009,紫色5阶手套,,装备,排位赛,once
40506010,紫色5阶手套,,装备,排位赛,once
40506011,橙色5阶手套,,装备,排位赛,once
40506012,橙色5阶手套,,装备,排位赛,once
40506013,橙色5阶手套,,装备,排位赛,once
40506014,红色5阶手套,,装备,武将,forever
40506015,红色5阶手套,,装备,武将,forever
40506016,红色5阶手套,,装备,排位赛,once
40506017,彩色5阶手套,,装备,排位赛,once
40506018,彩色5阶手套,,装备,排位赛,once
40506019,彩色5阶手套,,装备,排位赛,once
40601001,白色6阶头盔,,装备,排位赛,once
40601002,绿色6阶头盔,,装备,排位赛,once
40601003,绿色6阶头盔,,装备,排位赛,once
40601004,绿色6阶头盔,,装备,排位赛,once
40601005,蓝色6阶头盔,,装备,排位赛,once
40601006,蓝色6阶头盔,,装备,排位赛,once
40601007,蓝色6阶头盔,,装备,武将碎片,once
40601008,紫色6阶头盔,,装备,武将,forever
40601009,紫色6阶头盔,,装备,武将招募,once
40601010,紫色6阶头盔,,装备,装备,once
40601011,橙色6阶头盔,,装备,武将,forever
40601012,橙色6阶头盔,,装备,排位赛,once
40601013,橙色6阶头盔,,装备,排位赛,once
40601014,红色6阶头盔,,装备,排位赛,once
40601015,红色6阶头盔,,装备,排位赛,once
40601016,红色6阶头盔,,装备,排位赛,once
40601017,彩色6阶头盔,,装备,排位赛,once
40601018,彩色6阶头盔,,装备,排位赛,once
40601019,彩色6阶头盔,,装备,排位赛,once
40602001,白色6阶护臂,,装备,排位赛,once
40602002,绿色6阶护臂,,装备,排位赛,once
40602003,绿色6阶护臂,,装备,武将招募,once
40602004,绿色6阶护臂,,装备,未知,once
40602005,蓝色6阶护臂,,装备,武将,forever
40602006,蓝色6阶护臂,,装备,武将,forever
40602007,蓝色6阶护臂,,装备,武将,forever
40602008,紫色6阶护臂,,装备,武将,forever
40602009,紫色6阶护臂,,装备,武将,forever
40602010,紫色6阶护臂,,装备,武将,forever
40602011,橙色6阶护臂,,装备,武将,forever
40602012,橙色6阶护臂,,装备,无效,once
40602013,橙色6阶护臂,,装备,无效,once
40602014,红色6阶护臂,,装备,家族,once
40602015,红色6阶护臂,,装备,家族,once
40602016,红色6阶护臂,,装备,家族,once
40602017,彩色6阶护臂,,装备,家族,once
40602018,彩色6阶护臂,,装备,家族,once
40602019,彩色6阶护臂,,装备,家族,once
40603001,白色6阶衣服,,装备,家族,once
40603002,绿色6阶衣服,,装备,家族,once
40603003,绿色6阶衣服,,装备,家族,once
40603004,绿色6阶衣服,,装备,家族,once
40603005,蓝色6阶衣服,,装备,家族,once
40603006,蓝色6阶衣服,,装备,家族,once
40603007,蓝色6阶衣服,,装备,家族,once
40603008,紫色6阶衣服,,装备,家族,once
40603009,紫色6阶衣服,,装备,家族,once
40603010,紫色6阶衣服,,装备,家族,once
40603011,橙色6阶衣服,,装备,家族,once
40603012,橙色6阶衣服,,装备,家族,once
40603013,橙色6阶衣服,,装备,家族,once
40603014,红色6阶衣服,,装备,家族,once
40603015,红色6阶衣服,,装备,家族,once
40603016,红色6阶衣服,,装备,武将碎片,once
40603017,彩色6阶衣服,,装备,夏日祭,once
40603018,彩色6阶衣服,,装备,家族,once
40603019,彩色6阶衣服,,装备,家族,once
40604001,白色6阶裤子,,装备,家族,once
40604002,绿色6阶裤子,,装备,家族,once
40604003,绿色6阶裤子,,装备,家族,once
40604004,绿色6阶裤子,,装备,家族,once
40604005,蓝色6阶裤子,,装备,家族,once
40604006,蓝色6阶裤子,,装备,家族,once
40604007,蓝色6阶裤子,,装备,家族,once
40604008,紫色6阶裤子,,装备,家族,once
40604009,紫色6阶裤子,,装备,家族,once
40604010,紫色6阶裤子,,装备,家族,once
40604011,橙色6阶裤子,,装备,家族,once
40604012,橙色6阶裤子,,装备,家族,once
40604013,橙色6阶裤子,,装备,家族,once
40604014,红色6阶裤子,,装备,家族,once
40604015,红色6阶裤子,,装备,家族,once
40604016,红色6阶裤子,,装备,家族,once
40604017,彩色6阶裤子,,装备,家族,once
40604018,彩色6阶裤子,,装备,家族,once
40604019,彩色6阶裤子,,装备,家族,once
40605001,白色6阶鞋子,,装备,家族,once
40605002,绿色6阶鞋子,,装备,家族,once
40605003,绿色6阶鞋子,,装备,家族,once
40605004,绿色6阶鞋子,,装备,家族,once
40605005,蓝色6阶鞋子,,装备,家族,once
40605006,蓝色6阶鞋子,,装备,家族,once
40605007,蓝色6阶鞋子,,装备,家族,once
40605008,紫色6阶鞋子,,装备,家族,once
40605009,紫色6阶鞋子,,装备,武将招募,once
40605010,紫色6阶鞋子,,装备,武将,forever
40605011,橙色6阶鞋子,,装备,排位赛,once
40605012,橙色6阶鞋子,,装备,排位赛,once
40605013,橙色6阶鞋子,,装备,排位赛,once
40605014,红色6阶鞋子,,装备,排位赛,once
40605015,红色6阶鞋子,,装备,排位赛,once
40605016,红色6阶鞋子,,装备,排位赛,once
40605017,彩色6阶鞋子,,装备,排位赛,once
40605018,彩色6阶鞋子,,装备,排位赛,once
40605019,彩色6阶鞋子,,装备,排位赛,once
40606001,白色6阶手套,,装备,排位赛,once
40606002,绿色6阶手套,,装备,家族,once
40606003,绿色6阶手套,,装备,家族,once
40606004,绿色6阶手套,,装备,家族,once
40606005,蓝色6阶手套,,装备,家族,once
40606006,蓝色6阶手套,,装备,家族,once
40606007,蓝色6阶手套,,装备,家族,once
40606008,紫色6阶手套,,装备,家族,once
40606009,紫色6阶手套,,装备,家族,once
40606010,紫色6阶手套,,装备,家族,once
40606011,橙色6阶手套,,装备,家族,once
40606012,橙色6阶手套,,装备,家族,once
40606013,橙色6阶手套,,装备,家族,once
40606014,红色6阶手套,,装备,家族,once
40606015,红色6阶手套,,装备,家族,once
40606016,红色6阶手套,,装备,家族,once
40606017,彩色6阶手套,,装备,家族,once
40606018,彩色6阶手套,,装备,家族,once
40606019,彩色6阶手套,,装备,家族,once
40701001,白色7阶头盔,,装备,家族,once
40701002,绿色7阶头盔,,装备,家族,once
40701003,绿色7阶头盔,,装备,家族,once
40701004,绿色7阶头盔,,装备,家族,once
40701005,蓝色7阶头盔,,装备,家族,once
40701006,蓝色7阶头盔,,装备,家族,once
40701007,蓝色7阶头盔,,装备,家族,once
40701008,紫色7阶头盔,,装备,家族,once
40701009,紫色7阶头盔,,装备,家族,once
40701010,紫色7阶头盔,,装备,家族,once
40701011,橙色7阶头盔,,装备,武将,forever
40701012,橙色7阶头盔,,装备,武将碎片,once
40701013,橙色7阶头盔,,装备,武将碎片,once
40701014,红色7阶头盔,,装备,武将碎片,once
40701015,红色7阶头盔,,装备,周年庆,once
40701016,红色7阶头盔,,装备,周年庆,once
40701017,彩色7阶头盔,,装备,武将碎片,once
40701018,彩色7阶头盔,,装备,武将碎片,once
40701019,彩色7阶头盔,,装备,装饰类,once
40702001,白色7阶护臂,,装备,装饰类,once
40702002,绿色7阶护臂,,装备,研习,once
40702003,绿色7阶护臂,,装备,研习,once
40702004,绿色7阶护臂,,装备,研习,once
40702005,蓝色7阶护臂,,装备,冥思,once
40702006,蓝色7阶护臂,,装备,战旗觉醒,once
40702007,蓝色7阶护臂,,装备,战旗觉醒,once
40702008,紫色7阶护臂,,装备,战旗觉醒,once
40702009,紫色7阶护臂,,装备,战旗觉醒,once
40702010,紫色7阶护臂,,装备,战旗觉醒,once
40702011,橙色7阶护臂,,装备,战旗升级,once
40702012,橙色7阶护臂,,装备,战旗升级,once
40702013,橙色7阶护臂,,装备,战旗升级,once
40702014,红色7阶护臂,,装备,战旗升级,once
40702015,红色7阶护臂,,装备,战旗升级,once
40702016,红色7阶护臂,,装备,战旗升级,once
40702017,彩色7阶护臂,,装备,武将,forever
40702018,彩色7阶护臂,,装备,排位赛,once
40702019,彩色7阶护臂,,装备,排位赛,once
40703001,白色7阶衣服,,装备,排位赛,once
40703002,绿色7阶衣服,,装备,排位赛,once
40703003,绿色7阶衣服,,装备,排位赛,once
40703004,绿色7阶衣服,,装备,排位赛,once
40703005,蓝色7阶衣服,,装备,排位赛,once
40703006,蓝色7阶衣服,,装备,排位赛,once
40703007,蓝色7阶衣服,,装备,排位赛,once
40703008,紫色7阶衣服,,装备,排位赛,once
40703009,紫色7阶衣服,,装备,武将,forever
40703010,紫色7阶衣服,,装备,武将招募,once
40703011,橙色7阶衣服,,装备,武将碎片,once
40703012,橙色7阶衣服,,装备,家族,once
40703013,橙色7阶衣服,,装备,家族,once
40703014,红色7阶衣服,,装备,家族,once
40703015,红色7阶衣服,,装备,家族,once
40703016,红色7阶衣服,,装备,家族,once
40703017,彩色7阶衣服,,装备,家族,once
40703018,彩色7阶衣服,,装备,家族,once
40703019,彩色7阶衣服,,装备,家族,once
40704001,白色7阶裤子,,装备,家族,once
40704002,绿色7阶裤子,,装备,家族,once
40704003,绿色7阶裤子,,装备,家族,once
40704004,绿色7阶裤子,,装备,家族,once
40704005,蓝色7阶裤子,,装备,家族,once
40704006,蓝色7阶裤子,,装备,家族,once
40704007,蓝色7阶裤子,,装备,家族,once
40704008,紫色7阶裤子,,装备,家族,once
40704009,紫色7阶裤子,,装备,家族,once
40704010,紫色7阶裤子,,装备,家族,once
40704011,橙色7阶裤子,,装备,家族,once
40704012,橙色7阶裤子,,装备,家族,once
40704013,橙色7阶裤子,,装备,家族,once
40704014,红色7阶裤子,,装备,家族,once
40704015,红色7阶裤子,,装备,家族,once
40704016,红色7阶裤子,,装备,家族,once
40704017,彩色7阶裤子,,装备,家族,once
40704018,彩色7阶裤子,,装备,家族,once
40704019,彩色7阶裤子,,装备,家族,once
40705001,白色7阶鞋子,,装备,家族,once
40705002,绿色7阶鞋子,,装备,家族,once
40705003,绿色7阶鞋子,,装备,家族,once
40705004,绿色7阶鞋子,,装备,家族,once
40705005,蓝色7阶鞋子,,装备,家族,once
40705006,蓝色7阶鞋子,,装备,家族,once
40705007,蓝色7阶鞋子,,装备,家族,once
40705008,紫色7阶鞋子,,装备,家族,once
40705009,紫色7阶鞋子,,装备,家族,once
40705010,紫色7阶鞋子,,装备,家族,once
40705011,橙色7阶鞋子,,装备,家族,once
40705012,橙色7阶鞋子,,装备,家族,once
40705013,橙色7阶鞋子,,装备,家族,once
40705014,红色7阶鞋子,,装备,家族,once
40705015,红色7阶鞋子,,装备,家族,once
40705016,红色7阶鞋子,,装备,家族,once
40705017,彩色7阶鞋子,,装备,家族,once
40705018,彩色7阶鞋子,,装备,家族,once
40705019,彩色7阶鞋子,,装备,家族,once
40706001,白色7阶手套,,装备,家族,once
40706002,绿色7阶手套,,装备,家族,once
40706003,绿色7阶手套,,装备,家族,once
40706004,绿色7阶手套,,装备,家族,once
40706005,蓝色7阶手套,,装备,家族,once
40706006,蓝色7阶手套,,装备,家族,once
40706007,蓝色7阶手套,,装备,家族,once
40706008,紫色7阶手套,,装备,家族,once
40706009,紫色7阶手套,,装备,家族,once
40706010,紫色7阶手套,,装备,家族,once
40706011,橙色7阶手套,,装备,家族,once
40706012,橙色7阶手套,,装备,家族,once
40706013,橙色7阶手套,,装备,家族,once
40706014,红色7阶手套,,装备,家族,once
40706015,红色7阶手套,,装备,家族,once
40706016,红色7阶手套,,装备,家族,once
40706017,彩色7阶手套,,装备,家族,once
40706018,彩色7阶手套,,装备,家族,once
40706019,彩色7阶手套,,装备,家族,once
40801001,白色8阶头盔,,装备,家族,once
40801002,绿色8阶头盔,,装备,家族,once
40801003,绿色8阶头盔,,装备,家族,once
40801004,绿色8阶头盔,,装备,家族,once
40801005,蓝色8阶头盔,,装备,家族,once
40801006,蓝色8阶头盔,,装备,家族,once
40801007,蓝色8阶头盔,,装备,武将碎片,once
40801008,紫色8阶头盔,,装备,武将碎片,once
40801009,紫色8阶头盔,,装备,武将碎片,once
40801010,紫色8阶头盔,,装备,装饰类,once
40801011,橙色8阶头盔,,装备,战旗招募,once
40801012,橙色8阶头盔,,装备,武将碎片,once
40801013,橙色8阶头盔,,装备,赛季通行证,once
40801014,红色8阶头盔,,装备,圣诞,once
40801015,红色8阶头盔,,装备,圣诞,once
40801016,红色8阶头盔,,装备,装饰类,once
40801017,彩色8阶头盔,,装备,装饰类,once
40801018,彩色8阶头盔,,装备,元旦,once
40801019,彩色8阶头盔,,装备,赛季,once
40802001,白色8阶护臂,,装备,武将,forever
40802002,绿色8阶护臂,,装备,武将招募,once
40802003,绿色8阶护臂,,装备,武将,forever
40802004,绿色8阶护臂,,装备,装饰类,once
40802005,蓝色8阶护臂,,装备,装饰类,once
40802006,蓝色8阶护臂,,装备,装饰类,once
40802007,蓝色8阶护臂,,装备,装饰类,once
40802008,紫色8阶护臂,,装备,武将碎片,once
40802009,紫色8阶护臂,,装备,武将招募,once
40802010,紫色8阶护臂,,装备,赛季,once
40802011,橙色8阶护臂,,装备,武将,forever
40802012,橙色8阶护臂,,装备,武将招募,once
40802013,橙色8阶护臂,,装备,武将,forever
40802014,红色8阶护臂,,装备,排位赛,once
40802015,红色8阶护臂,,装备,排位赛,once
40802016,红色8阶护臂,,装备,排位赛,once
40802017,彩色8阶护臂,,装备,排位赛,once
40802018,彩色8阶护臂,,装备,排位赛,once
40802019,彩色8阶护臂,,装备,排位赛,once
40803001,白色8阶衣服,,装备,排位赛,once
40803002,绿色8阶衣服,,装备,排位赛,once
40803003,绿色8阶衣服,,装备,排位赛,once
40803004,绿色8阶衣服,,装备,排位赛,once
40803005,蓝色8阶衣服,,装备,武将,forever
40803006,蓝色8阶衣服,,装备,武将,forever
40803007,蓝色8阶衣服,,装备,情人节,once
40803008,紫色8阶衣服,,装备,武将招募,once
40803009,紫色8阶衣服,,装备,武将,forever
40803010,紫色8阶衣服,,装备,排位赛,once
40803011,橙色8阶衣服,,装备,排位赛,once
40803012,橙色8阶衣服,,装备,排位赛,once
40803013,橙色8阶衣服,,装备,排位赛,once
40803014,红色8阶衣服,,装备,排位赛,once
40803015,红色8阶衣服,,装备,排位赛,once
40803016,红色8阶衣服,,装备,排位赛,once
40803017,彩色8阶衣服,,装备,排位赛,once
40803018,彩色8阶衣服,,装备,排位赛,once
40803019,彩色8阶衣服,,装备,排位赛,once
40804001,白色8阶裤子,,装备,武将,forever
40804002,绿色8阶裤子,,装备,赛季,once
40804003,绿色8阶裤子,,装备,装饰类,once
40804004,绿色8阶裤子,,装备,装饰类,once
40804005,蓝色8阶裤子,,装备,春日祭,once
40804006,蓝色8阶裤子,,装备,装饰类,once
40804007,蓝色8阶裤子,,装备,装饰类,once
40804008,紫色8阶裤子,,装备,碎片商店,once
40804009,紫色8阶裤子,,装备,碎片商店,once
40804010,紫色8阶裤子,,装备,碎片商店,once
40804011,橙色8阶裤子,,装备,武将碎片,once
40804012,橙色8阶裤子,,装备,武将碎片,once
40804013,橙色8阶裤子,,装备,武将碎片,once
40804014,红色8阶裤子,,装备,战旗碎片,once
40804015,红色8阶裤子,,装备,战旗碎片,once
40804016,红色8阶裤子,,装备,武将招募,once
40804017,彩色8阶裤子,,装备,装饰类,once
40804018,彩色8阶裤子,,装备,装饰类,once
40804019,彩色8阶裤子,,装备,武将,forever
40805001,白色8阶鞋子,,装备,武将,forever
40805002,绿色8阶鞋子,,装备,赛季,once
40805003,绿色8阶鞋子,,装备,排位赛,once
40805004,绿色8阶鞋子,,装备,排位赛,once
40805005,蓝色8阶鞋子,,装备,排位赛,once
40805006,蓝色8阶鞋子,,装备,排位赛,once
40805007,蓝色8阶鞋子,,装备,排位赛,once
40805008,紫色8阶鞋子,,装备,排位赛,once
40805009,紫色8阶鞋子,,装备,排位赛,once
40805010,紫色8阶鞋子,,装备,排位赛,once
40805011,橙色8阶鞋子,,装备,排位赛,once
40805012,橙色8阶鞋子,,装备,排位赛,once
40805013,橙色8阶鞋子,,装备,吃鸡,once
40805014,红色8阶鞋子,,装备,吃鸡,once
40805015,红色8阶鞋子,,装备,吃鸡,once
40805016,红色8阶鞋子,,装备,吃鸡,once
40805017,彩色8阶鞋子,,装备,武将招募,once
40805018,彩色8阶鞋子,,装备,武将碎片,once
40805019,彩色8阶鞋子,,装备,武将碎片,once
40806001,白色8阶手套,,装备,武将,forever
40806002,绿色8阶手套,,装备,武将,forever
40806003,绿色8阶手套,,装备,装饰类,once
40806004,绿色8阶手套,,装备,武将,forever
40806005,蓝色8阶手套,,装备,装饰类,once
40806006,蓝色8阶手套,,装备,排位赛,once
40806007,蓝色8阶手套,,装备,排位赛,once
40806008,紫色8阶手套,,装备,排位赛,once
40806009,紫色8阶手套,,装备,排位赛,once
40806010,紫色8阶手套,,装备,排位赛,once
40806011,橙色8阶手套,,装备,排位赛,once
40806012,橙色8阶手套,,装备,排位赛,once
40806013,橙色8阶手套,,装备,排位赛,once
40806014,红色8阶手套,,装备,排位赛,once
40806015,红色8阶手套,,装备,排位赛,once
40806016,红色8阶手套,,装备,武将,forever
40806017,彩色8阶手套,,装备,武将招募,once
40806018,彩色8阶手套,,装备,装饰类,once
40806019,彩色8阶手套,,装备,装饰类,once
40901001,白色9阶头盔,,装备,武将,forever
40901002,绿色9阶头盔,,装备,赛季,once
40901003,绿色9阶头盔,,装备,国宝升级,once
40901004,绿色9阶头盔,,装备,国宝升级,once
40901005,蓝色9阶头盔,,装备,国宝升级,once
40901006,蓝色9阶头盔,,装备,国宝升级,once
40901007,蓝色9阶头盔,,装备,国宝升级,once
40901008,紫色9阶头盔,,装备,国宝招募,once
40901009,紫色9阶头盔,,装备,国宝升星,once
40901010,紫色9阶头盔,,装备,装饰类,once
40901011,橙色9阶头盔,,装备,装饰类,once
40901012,橙色9阶头盔,,装备,武将碎片,once
40901013,橙色9阶头盔,,装备,武将碎片,once
40901014,红色9阶头盔,,装备,武将碎片,once
40901015,红色9阶头盔,,装备,武将碎片,once
40901016,红色9阶头盔,,装备,武将碎片,once
40901017,彩色9阶头盔,,装备,武将碎片,once
40901018,彩色9阶头盔,,装备,武将碎片,once
40901019,彩色9阶头盔,,装备,装备,once
40902001,白色9阶护臂,,装备,战旗碎片,once
40902002,绿色9阶护臂,,装备,战旗碎片,once
40902003,绿色9阶护臂,,装备,武将,forever
40902004,绿色9阶护臂,,装备,排位赛,once
40902005,蓝色9阶护臂,,装备,排位赛,once
40902006,蓝色9阶护臂,,装备,排位赛,once
40902007,蓝色9阶护臂,,装备,排位赛,once
40902008,紫色9阶护臂,,装备,排位赛,once
40902009,紫色9阶护臂,,装备,排位赛,once
40902010,紫色9阶护臂,,装备,排位赛,once
40902011,橙色9阶护臂,,装备,排位赛,once
40902012,橙色9阶护臂,,装备,排位赛,once
40902013,橙色9阶护臂,,装备,排位赛,once
40902014,红色9阶护臂,,装备,武将招募,once
40902015,红色9阶护臂,,装备,装饰类,once
40902016,红色9阶护臂,,装备,装饰类,once
40902017,彩色9阶护臂,,装备,幸运转盘,once
40902018,彩色9阶护臂,,装备,武将,forever
40902019,彩色9阶护臂,,装备,武将碎片,once
40903001,白色9阶衣服,,装备,装饰类,once
40903002,绿色9阶衣服,,装备,装饰类,once
40903003,绿色9阶衣服,,装备,武将招募,once
40903004,绿色9阶衣服,,装备,国宝,once
40903005,蓝色9阶衣服,,装备,装饰类,once
40903006,蓝色9阶衣服,,装备,装饰类,once
40903007,蓝色9阶衣服,,装备,铭刻,once
40903008,紫色9阶衣服,,装备,铭刻,once
40903009,紫色9阶衣服,,装备,铭刻,once
40903010,紫色9阶衣服,,装备,排位赛,once
40903011,橙色9阶衣服,,装备,排位赛,once
40903012,橙色9阶衣服,,装备,排位赛,once
40903013,橙色9阶衣服,,装备,排位赛,once
40903014,红色9阶衣服,,装备,排位赛,once
40903015,红色9阶衣服,,装备,排位赛,once
40903016,红色9阶衣服,,装备,排位赛,once
40903017,彩色9阶衣服,,装备,排位赛,once
40903018,彩色9阶衣服,,装备,排位赛,once
40903019,彩色9阶衣服,,装备,排位赛,once
40904001,白色9阶裤子,,装备,武将,forever
40904002,绿色9阶裤子,,装备,武将碎片,once
40904003,绿色9阶裤子,,装备,武将碎片,once
40904004,绿色9阶裤子,,装备,武将碎片,once
40904005,蓝色9阶裤子,,装备,武将碎片,once
40904006,蓝色9阶裤子,,装备,大富翁,once
40904007,蓝色9阶裤子,,装备,大富翁,once
40904008,紫色9阶裤子,,装备,战旗碎片,once
40904009,紫色9阶裤子,,装备,装饰类,once
40904010,紫色9阶裤子,,装备,装饰类,once
40904011,橙色9阶裤子,,装备,武将碎片,once
40904012,橙色9阶裤子,,装备,装饰类,once
40904013,橙色9阶裤子,,装备,装饰类,once
40904014,红色9阶裤子,,装备,冬日祭,once
40904015,红色9阶裤子,,装备,装饰类,once
40904016,红色9阶裤子,,装备,装饰类,once
40904017,彩色9阶裤子,,装备,排位赛,once
40904018,彩色9阶裤子,,装备,排位赛,once
40904019,彩色9阶裤子,,装备,排位赛,once
40905001,白色9阶鞋子,,装备,排位赛,once
40905002,绿色9阶鞋子,,装备,排位赛,once
40905003,绿色9阶鞋子,,装备,排位赛,once
40905004,绿色9阶鞋子,,装备,排位赛,once
40905005,蓝色9阶鞋子,,装备,排位赛,once
40905006,蓝色9阶鞋子,,装备,排位赛,once
40905007,蓝色9阶鞋子,,装备,排位赛,once
40905008,紫色9阶鞋子,,装备,武将招募,once
40905009,紫色9阶鞋子,,装备,装饰类,once
40905010,紫色9阶鞋子,,装备,装饰类,once
40905011,橙色9阶鞋子,,装备,武将,forever
40905012,橙色9阶鞋子,,装备,武将碎片,once
40905013,橙色9阶鞋子,,装备,武将招募,once
40905014,红色9阶鞋子,,装备,武将,forever
40905015,红色9阶鞋子,,装备,武将,forever
40905016,红色9阶鞋子,,装备,武将,forever
40905017,彩色9阶鞋子,,装备,武将,forever
40905018,彩色9阶鞋子,,装备,排位赛,once
40905019,彩色9阶鞋子,,装备,排位赛,once
40906001,白色9阶手套,,装备,排位赛,once
40906002,绿色9阶手套,,装备,排位赛,once
40906003,绿色9阶手套,,装备,排位赛,once
40906004,绿色9阶手套,,装备,排位赛,once
40906005,蓝色9阶手套,,装备,排位赛,once
40906006,蓝色9阶手套,,装备,排位赛,once
40906007,蓝色9阶手套,,装备,排位赛,once
40906008,紫色9阶手套,,装备,排位赛,once
40906009,紫色9阶手套,,装备,装饰类,once
40906010,紫色9阶手套,,装备,装饰类,once
40906011,橙色9阶手套,,装备,装饰类,once
40906012,橙色9阶手套,,装备,装饰类,once
40906013,橙色9阶手套,,装备,武将,forever
40906014,红色9阶手套,,装备,武将碎片,once
40906015,红色9阶手套,,装备,装饰类,once
40906016,红色9阶手套,,装备,装饰类,once
40906017,彩色9阶手套,,装备,绿之日,once
40906018,彩色9阶手套,,装备,绿之日,once
40906019,彩色9阶手套,,装备,绿之日,once
41001001,白色10阶头盔,,装备,装饰类,once
41001002,绿色10阶头盔,,装备,武将招募,once
41001003,绿色10阶头盔,,装备,绿之日,once
41001004,绿色10阶头盔,,装备,武将碎片,once
41001005,蓝色10阶头盔,,装备,排位赛,once
41001006,蓝色10阶头盔,,装备,排位赛,once
41001007,蓝色10阶头盔,,装备,排位赛,once
41001008,紫色10阶头盔,,装备,排位赛,once
41001009,紫色10阶头盔,,装备,排位赛,once
41001010,紫色10阶头盔,,装备,排位赛,once
41001011,橙色10阶头盔,,装备,排位赛,once
41001012,橙色10阶头盔,,装备,排位赛,once
41001013,橙色10阶头盔,,装备,排位赛,once
41001014,红色10阶头盔,,装备,排位赛,once
41001015,红色10阶头盔,,装备,装饰类,once
41001016,红色10阶头盔,,装备,装饰类,once
41001017,彩色10阶头盔,,装备,武将,forever
41001018,彩色10阶头盔,,装备,武将碎片,once
41001019,彩色10阶头盔,,装备,回流活动,once
41002001,白色10阶护臂,,装备,战旗碎片,once
41002002,绿色10阶护臂,,装备,装饰类,once
41002003,绿色10阶护臂,,装备,武将招募,once
41002004,绿色10阶护臂,,装备,装饰类,once
41002005,蓝色10阶护臂,,装备,装饰类,once
41002006,蓝色10阶护臂,,装备,赛季战旗,once
41002007,蓝色10阶护臂,,装备,装饰类,once
41002008,紫色10阶护臂,,装备,装饰类,once
41002009,紫色10阶护臂,,装备,装饰类,once
41002010,紫色10阶护臂,,装备,装饰类,once
41002011,橙色10阶护臂,,装备,装饰类,once
41002012,橙色10阶护臂,,装备,家族,once
41002013,橙色10阶护臂,,装备,家族,once
41002014,红色10阶护臂,,装备,家族,once
41002015,红色10阶护臂,,装备,家族,once
41002016,红色10阶护臂,,装备,家族,once
41002017,彩色10阶护臂,,装备,家族,once
41002018,彩色10阶护臂,,装备,家族,once
41002019,彩色10阶护臂,,装备,家族,once
41003001,白色10阶衣服,,装备,家族,once
41003002,绿色10阶衣服,,装备,家族,once
41003003,绿色10阶衣服,,装备,家族,once
41003004,绿色10阶衣服,,装备,家族,once
41003005,蓝色10阶衣服,,装备,家族,once
41003006,蓝色10阶衣服,,装备,家族,once
41003007,蓝色10阶衣服,,装备,家族,once
41003008,紫色10阶衣服,,装备,家族,once
41003009,紫色10阶衣服,,装备,家族,once
41003010,紫色10阶衣服,,装备,家族,once
41003011,橙色10阶衣服,,装备,家族,once
41003012,橙色10阶衣服,,装备,家族,once
41003013,橙色10阶衣服,,装备,家族,once
41003014,红色10阶衣服,,装备,家族,once
41003015,红色10阶衣服,,装备,家族,once
41003016,红色10阶衣服,,装备,家族,once
41003017,彩色10阶衣服,,装备,家族,once
41003018,彩色10阶衣服,,装备,家族,once
41003019,彩色10阶衣服,,装备,家族,once
41004001,白色10阶裤子,,装备,家族,once
41004002,绿色10阶裤子,,装备,家族,once
41004003,绿色10阶裤子,,装备,家族,once
41004004,绿色10阶裤子,,装备,家族,once
41004005,蓝色10阶裤子,,装备,家族,once
41004006,蓝色10阶裤子,,装备,家族,once
41004007,蓝色10阶裤子,,装备,家族,once
41004008,紫色10阶裤子,,装备,家族,once
41004009,紫色10阶裤子,,装备,家族,once
41004010,紫色10阶裤子,,装备,家族,once
41004011,橙色10阶裤子,,装备,家族,once
41004012,橙色10阶裤子,,装备,家族,once
41004013,橙色10阶裤子,,装备,家族,once
41004014,红色10阶裤子,,装备,家族,once
41004015,红色10阶裤子,,装备,家族,once
41004016,红色10阶裤子,,装备,家族,once
41004017,彩色10阶裤子,,装备,家族,once
41004018,彩色10阶裤子,,装备,家族,once
41004019,彩色10阶裤子,,装备,家族,once
41005001,白色10阶鞋子,,装备,家族,once
41005002,绿色10阶鞋子,,装备,家族,once
41005003,绿色10阶鞋子,,装备,家族,once
41005004,绿色10阶鞋子,,装备,家族,once
41005005,蓝色10阶鞋子,,装备,家族,once
41005006,蓝色10阶鞋子,,装备,家族,once
41005007,蓝色10阶鞋子,,装备,家族,once
41005008,紫色10阶鞋子,,装备,家族,once
41005009,紫色10阶鞋子,,装备,家族,once
41005010,紫色10阶鞋子,,装备,家族,once
41005011,橙色10阶鞋子,,装备,家族,once
41005012,橙色10阶鞋子,,装备,家族,once
41005013,橙色10阶鞋子,,装备,家族,once
41005014,红色10阶鞋子,,装备,家族,once
41005015,红色10阶鞋子,,装备,家族,once
41005016,红色10阶鞋子,,装备,家族,once
41005017,彩色10阶鞋子,,装备,家族,once
41005018,彩色10阶鞋子,,装备,家族,once
41005019,彩色10阶鞋子,,装备,家族,once
41006001,白色10阶手套,,装备,家族,once
41006002,绿色10阶手套,,装备,家族,once
41006003,绿色10阶手套,,装备,家族,once
41006004,绿色10阶手套,,装备,家族,once
41006005,蓝色10阶手套,,装备,家族,once
41006006,蓝色10阶手套,,装备,家族,once
41006007,蓝色10阶手套,,装备,家族,once
41006008,紫色10阶手套,,装备,家族,once
41006009,紫色10阶手套,,装备,家族,once
41006010,紫色10阶手套,,装备,家族,once
41006011,橙色10阶手套,,装备,家族,once
41006012,橙色10阶手套,,装备,家族,once
41006013,橙色10阶手套,,装备,家族,once
41006014,红色10阶手套,,装备,家族,once
41006015,红色10阶手套,,装备,家族,once
41006016,红色10阶手套,,装备,家族,once
41006017,彩色10阶手套,,装备,家族,once
41006018,彩色10阶手套,,装备,家族,once
41006019,彩色10阶手套,,装备,家族,once
50101001,头盔*普通宝石,,宝石,家族,once
50101002,头盔*普通宝石,,宝石,家族,once
50101003,头盔*普通宝石,,宝石,家族,once
50101004,头盔*普通宝石,,宝石,家族,once
50101005,头盔*普通宝石,,宝石,家族,once
50101006,头盔*普通宝石,,宝石,家族,once
50102001,护臂*普通宝石,,宝石,家族,once
50102002,护臂*普通宝石,,宝石,家族,once
50102003,护臂*普通宝石,,宝石,家族,once
50102004,护臂*普通宝石,,宝石,家族,once
50102005,护臂*普通宝石,,宝石,家族,once
50102006,护臂*普通宝石,,宝石,家族,once
50103001,衣服*普通宝石,,宝石,家族,once
50103002,衣服*普通宝石,,宝石,家族,once
50103003,衣服*普通宝石,,宝石,家族,once
50103004,衣服*普通宝石,,宝石,家族,once
50103005,衣服*普通宝石,,宝石,家族,once
50103006,衣服*普通宝石,,宝石,家族,once
50104001,裤子*普通宝石,,宝石,家族,once
50104002,裤子*普通宝石,,宝石,家族,once
50104003,裤子*普通宝石,,宝石,家族,once
50104004,裤子*普通宝石,,宝石,家族,once
50104005,裤子*普通宝石,,宝石,家族,once
50104006,裤子*普通宝石,,宝石,家族,once
50105001,鞋子*普通宝石,,宝石,家族,once
50105002,鞋子*普通宝石,,宝石,家族,once
50105003,鞋子*普通宝石,,宝石,家族,once
50105004,鞋子*普通宝石,,宝石,家族,once
50105005,鞋子*普通宝石,,宝石,家族,once
50105006,鞋子*普通宝石,,宝石,家族,once
50106001,手套*普通宝石,,宝石,家族,once
50106002,手套*普通宝石,,宝石,家族,once
50106003,手套*普通宝石,,宝石,家族,once
50106004,手套*普通宝石,,宝石,家族,once
50106005,手套*普通宝石,,宝石,家族,once
50106006,手套*普通宝石,,宝石,家族,once
50201001,头盔*精良宝石,,宝石,家族,once
50201002,头盔*精良宝石,,宝石,家族,once
50201003,头盔*精良宝石,,宝石,家族,once
50201004,头盔*精良宝石,,宝石,家族,once
50201005,头盔*精良宝石,,宝石,家族,once
50201006,头盔*精良宝石,,宝石,家族,once
50202001,护臂*精良宝石,,宝石,家族,once
50202002,护臂*精良宝石,,宝石,家族,once
50202003,护臂*精良宝石,,宝石,家族,once
50202004,护臂*精良宝石,,宝石,家族,once
50202005,护臂*精良宝石,,宝石,家族,once
50202006,护臂*精良宝石,,宝石,家族,once
50203001,衣服*精良宝石,,宝石,家族,once
50203002,衣服*精良宝石,,宝石,家族,once
50203003,衣服*精良宝石,,宝石,家族,once
50203004,衣服*精良宝石,,宝石,家族,once
50203005,衣服*精良宝石,,宝石,家族,once
50203006,衣服*精良宝石,,宝石,家族,once
50204001,裤子*精良宝石,,宝石,家族,once
50204002,裤子*精良宝石,,宝石,家族,once
50204003,裤子*精良宝石,,宝石,家族,once
50204004,裤子*精良宝石,,宝石,家族,once
50204005,裤子*精良宝石,,宝石,家族,once
50204006,裤子*精良宝石,,宝石,家族,once
50205001,鞋子*精良宝石,,宝石,家族,once
50205002,鞋子*精良宝石,,宝石,家族,once
50205003,鞋子*精良宝石,,宝石,家族,once
50205004,鞋子*精良宝石,,宝石,家族,once
50205005,鞋子*精良宝石,,宝石,家族,once
50205006,鞋子*精良宝石,,宝石,家族,once
50206001,手套*精良宝石,,宝石,家族,once
50206002,手套*精良宝石,,宝石,家族,once
50206003,手套*精良宝石,,宝石,家族,once
50206004,手套*精良宝石,,宝石,家族,once
50206005,手套*精良宝石,,宝石,家族,once
50206006,手套*精良宝石,,宝石,家族,once
50301001,头盔*卓越宝石,,宝石,家族,once
50301002,头盔*卓越宝石,,宝石,家族,once
50301003,头盔*卓越宝石,,宝石,家族,once
50301004,头盔*卓越宝石,,宝石,家族,once
50301005,头盔*卓越宝石,,宝石,家族,once
50301006,头盔*卓越宝石,,宝石,家族,once
50302001,护臂*卓越宝石,,宝石,家族,once
50302002,护臂*卓越宝石,,宝石,家族,once
50302003,护臂*卓越宝石,,宝石,家族,once
50302004,护臂*卓越宝石,,宝石,家族,once
50302005,护臂*卓越宝石,,宝石,家族,once
50302006,护臂*卓越宝石,,宝石,家族,once
50303001,衣服*卓越宝石,,宝石,家族,once
50303002,衣服*卓越宝石,,宝石,家族,once
50303003,衣服*卓越宝石,,宝石,家族,once
50303004,衣服*卓越宝石,,宝石,家族,once
50303005,衣服*卓越宝石,,宝石,家族,once
50303006,衣服*卓越宝石,,宝石,家族,once
50304001,裤子*卓越宝石,,宝石,家族,once
50304002,裤子*卓越宝石,,宝石,家族,once
50304003,裤子*卓越宝石,,宝石,武将突破,once
50304004,裤子*卓越宝石,,宝石,研习,once
50304005,裤子*卓越宝石,,宝石,战旗觉醒,once
50304006,裤子*卓越宝石,,宝石,国宝,once
50305001,鞋子*卓越宝石,,宝石,铭刻,once
50305002,鞋子*卓越宝石,,宝石,阵法碎片,once
50305003,鞋子*卓越宝石,,宝石,阵法碎片,once
50305004,鞋子*卓越宝石,,宝石,武将碎片,once
50305005,鞋子*卓越宝石,,宝石,武将碎片,once
50305006,手套*卓越宝石,,宝石,装饰类,once
50306001,手套*卓越宝石,,宝石,装饰类,once
50306002,手套*卓越宝石,,宝石,装饰类,once
50306003,手套*卓越宝石,,宝石,装饰类,once
50306004,手套*卓越宝石,,宝石,装饰类,once
50306005,手套*卓越宝石,,宝石,装饰类,once
50306006,手套*卓越宝石,,宝石,武将碎片,once
50401001,头盔*完美宝石,,宝石,武将碎片,once
50401002,头盔*完美宝石,,宝石,战旗碎片,once
50401003,头盔*完美宝石,,宝石,武将招募,once
50401004,头盔*完美宝石,,宝石,神魔之乱,once
50401005,头盔*完美宝石,,宝石,武将碎片,once
50401006,头盔*完美宝石,,宝石,武将碎片,once
50402001,护臂*完美宝石,,宝石,深海秘宝,once
50402002,护臂*完美宝石,,宝石,深海秘宝,once
50402003,护臂*完美宝石,,宝石,无效,once
50402004,护臂*完美宝石,,宝石,无效,once
50402005,护臂*完美宝石,,宝石,无效,once
50402006,护臂*完美宝石,,宝石,无效,once
50403001,衣服*完美宝石,,宝石,无效,once
50403002,衣服*完美宝石,,宝石,无效,once
50403003,衣服*完美宝石,,宝石,无效,once
50403004,衣服*完美宝石,,宝石,无效,once
50403005,衣服*完美宝石,,宝石,无效,once
50403006,衣服*完美宝石,,宝石,无效,once
50404001,裤子*完美宝石,,宝石,无效,once
50404002,裤子*完美宝石,,宝石,无效,once
50404003,裤子*完美宝石,,宝石,无效,once
50404004,裤子*完美宝石,,宝石,无效,once
50404005,裤子*完美宝石,,宝石,无效,once
50404006,裤子*完美宝石,,宝石,无效,once
50405001,鞋子*完美宝石,,宝石,无效,once
50405002,鞋子*完美宝石,,宝石,无效,once
50405003,鞋子*完美宝石,,宝石,无效,once
50405004,鞋子*完美宝石,,宝石,无效,once
50405005,鞋子*完美宝石,,宝石,无效,once
50405006,鞋子*完美宝石,,宝石,无效,once
50406001,手套*完美宝石,,宝石,无效,once
50406002,手套*完美宝石,,宝石,无效,once
50406003,手套*完美宝石,,宝石,无效,once
50406004,手套*完美宝石,,宝石,无效,once
50406005,手套*完美宝石,,宝石,无效,once
50406006,手套*完美宝石,,宝石,无效,once
50501001,头盔*传说宝石,,宝石,无效,once
50501002,头盔*传说宝石,,宝石,无效,once
50501003,头盔*传说宝石,,宝石,阵法碎片,once
50501004,头盔*传说宝石,,宝石,其他,
50501005,头盔*传说宝石,,宝石,武将碎片,
50501006,头盔*传说宝石,,宝石,自由集市,once
50502001,护臂*传说宝石,,宝石,装饰类,once
50502002,护臂*传说宝石,,宝石,装饰类,once
50502003,护臂*传说宝石,,宝石,装饰类,once
50502004,护臂*传说宝石,,宝石,神威,once
50502005,护臂*传说宝石,,宝石,装备,once
50502006,护臂*传说宝石,,宝石,超级转盘,once
50503001,衣服*传说宝石,,宝石,神器升级,once
50503002,衣服*传说宝石,,宝石,神器突破,once
50503003,衣服*传说宝石,,宝石,符文,once
50503004,衣服*传说宝石,,宝石,符文,once
50503005,衣服*传说宝石,,宝石,符文,once
50503006,衣服*传说宝石,,宝石,符文,once
50504001,裤子*传说宝石,,宝石,符文,once
50504002,裤子*传说宝石,,宝石,符文,once
50504003,裤子*传说宝石,,宝石,符文,once
50504004,裤子*传说宝石,,宝石,符文,once
50504005,裤子*传说宝石,,宝石,符文,once
50504006,裤子*传说宝石,,宝石,符文,once
50505001,鞋子*传说宝石,,宝石,符文,once
50505002,鞋子*传说宝石,,宝石,符文,once
50505003,鞋子*传说宝石,,宝石,符文,once
50505004,鞋子*传说宝石,,宝石,武将碎片,once
50505005,鞋子*传说宝石,,宝石,金币,once
50505006,鞋子*传说宝石,,宝石,金币,once
50506001,手套*传说宝石,,宝石,武将,forever
50506002,手套*传说宝石,,宝石,无效,once
50506003,手套*传说宝石,,宝石,无效,once
50506004,手套*传说宝石,,宝石,无效,once
50506005,手套*传说宝石,,宝石,赛季,once
50506006,手套*传说宝石,,宝石,圣诞,once
50601001,头盔*绝世宝石,,宝石,符文,once
50601002,头盔*绝世宝石,,宝石,符文,once
50601003,头盔*绝世宝石,,宝石,符文,once
50601004,头盔*绝世宝石,,宝石,神器,once
50601005,头盔*绝世宝石,,宝石,元旦,once
50601006,头盔*绝世宝石,,宝石,元旦,once
50602001,护臂*绝世宝石,,宝石,元旦,once
50602002,护臂*绝世宝石,,宝石,元旦,once
50602003,护臂*绝世宝石,,宝石,元旦,once
50602004,护臂*绝世宝石,,宝石,武将碎片,once
50602005,护臂*绝世宝石,,宝石,化境,once
50602006,护臂*绝世宝石,,宝石,化境,once
50603001,衣服*绝世宝石,,宝石,神魔之乱,once
50603002,衣服*绝世宝石,,宝石,武将碎片,once
50603003,衣服*绝世宝石,,宝石,符文,once
50603004,衣服*绝世宝石,,宝石,符文,once
50603005,衣服*绝世宝石,,宝石,装饰类,once
50603006,衣服*绝世宝石,,宝石,装饰类,once
50604001,裤子*绝世宝石,,宝石,装饰类,once
50604002,裤子*绝世宝石,,宝石,武将碎片,once
50604003,裤子*绝世宝石,,宝石,武将碎片,once
50604004,裤子*绝世宝石,,宝石,游园会,once
50604005,裤子*绝世宝石,,宝石,游园会,once
50604006,裤子*绝世宝石,,宝石,武将碎片,once
50605001,鞋子*绝世宝石,,宝石,武将碎片,once
50605002,鞋子*绝世宝石,,宝石,武将碎片,once
50605003,鞋子*绝世宝石,,宝石,武将碎片,once
50605004,鞋子*绝世宝石,,宝石,战旗觉醒,once
50605005,鞋子*绝世宝石,,宝石,倍率转盘,once
50605006,鞋子*绝世宝石,,宝石,倍率转盘,once
50606001,手套*绝世宝石,,宝石,旗阵升级,once
50606002,手套*绝世宝石,,宝石,旗阵突破,once
50606003,手套*绝世宝石,,宝石,旗阵属性,once
50606004,手套*绝世宝石,,宝石,旗阵属性,once
50606005,手套*绝世宝石,,宝石,旗阵属性,once
50606006,手套*绝世宝石,,宝石,旗阵属性,once
